id,title,description,availability,condition,price,brand,google_product_category,image_link,link,custom_label_0,custom_label_1
117772,ESP CHAMEL GENGIBRE PO 30G,Vegetariano | Gengibre Po | Marca: Chamel | Embalagem: 30G,in stock,new,7.10 BRL,Chamel,Temperos & Especiarias,https://raw.githubusercontent.com/thewatermouse/melindaejulius/main/assets/placeholders/temperos_especiarias.jpg,https://melindaejulius.com.br,Vegetariano,
116574,ESP CHAMEL CRAVO PO 30G,Vegetariano | Cravo Po | Marca: Chamel | Embalagem: 30G,in stock,new,8.90 BRL,Chamel,Temperos & Especiarias,https://raw.githubusercontent.com/thewatermouse/melindaejulius/main/assets/placeholders/temperos_especiarias.jpg,https://melindaejulius.com.br,Vegetariano,
108758,ESP BYBLOS PAPRICA DOCE 100G,Vegetariano | Paprica Doce | Marca: Byblos | Embalagem: 100G,in stock,new,8.90 BRL,Byblos,Temperos & Especiarias,https://raw.githubusercontent.com/thewatermouse/melindaejulius/main/assets/placeholders/temperos_especiarias.jpg,https://melindaejulius.com.br,Vegetariano,
105177,FAROFA CALDOBOM MIX MILHO MANDIOCA 400G,Vegetariano | Mix Milho Mandioca | Marca: Caldobom | Embalagem: 400G,in stock,new,8.90 BRL,Caldobom,Temperos & Especiarias,https://raw.githubusercontent.com/thewatermouse/melindaejulius/main/assets/placeholders/temperos_especiarias.jpg,https://melindaejulius.com.br,Vegetariano,
118866,ESP BOMBAY POUCH GENGIBRE 30G,Vegetariano | Pouch Gengibre | Marca: Bombay | Embalagem: 30G,in stock,new,10.25 BRL,Bombay,Temperos & Especiarias,https://raw.githubusercontent.com/thewatermouse/melindaejulius/main/assets/placeholders/temperos_especiarias.jpg,https://melindaejulius.com.br,Vegetariano,
105328,ESP CHAMEL NOZ MOSCADA 2UN,Vegetariano | Noz Moscada | Marca: Chamel | Embalagem: 2UN,in stock,new,10.70 BRL,Chamel,Temperos & Especiarias,https://raw.githubusercontent.com/thewatermouse/melindaejulius/main/assets/placeholders/temperos_especiarias.jpg,https://melindaejulius.com.br,Vegetariano,
107272,ESP BYBLOS ERVA DOCE 100G,Vegetariano | Erva Doce | Marca: Byblos | Embalagem: 100G,in stock,new,12.50 BRL,Byblos,Temperos & Especiarias,https://raw.githubusercontent.com/thewatermouse/melindaejulius/main/assets/placeholders/temperos_especiarias.jpg,https://melindaejulius.com.br,Vegetariano,
117422,ESP LEVECROC CANELA PO 40G,Vegetariano | Canela Po | Marca: Levecroc | Embalagem: 40G,in stock,new,13.40 BRL,Levecroc,Temperos & Especiarias,https://raw.githubusercontent.com/thewatermouse/melindaejulius/main/assets/placeholders/temperos_especiarias.jpg,https://melindaejulius.com.br,Vegetariano,
117837,ESP VALESO PET PAPRICA PICANTE 35G,Vegetariano | Pet Paprica Picante | Marca: Valeso | Embalagem: 35G,in stock,new,14.80 BRL,Valeso,Temperos & Especiarias,https://raw.githubusercontent.com/thewatermouse/melindaejulius/main/assets/placeholders/temperos_especiarias.jpg,https://melindaejulius.com.br,Vegetariano,
117838,ESP VALESO PET REDANG 35G,Vegetariano | Pet Redang | Marca: Valeso | Embalagem: 35G,in stock,new,14.80 BRL,Valeso,Temperos & Especiarias,https://raw.githubusercontent.com/thewatermouse/melindaejulius/main/assets/placeholders/temperos_especiarias.jpg,https://melindaejulius.com.br,Vegetariano,
108655,ESP VALESO PET CRAVO PO 30G,Vegetariano | Pet Cravo Po | Marca: Valeso | Embalagem: 30G,in stock,new,14.80 BRL,Valeso,Temperos & Especiarias,https://raw.githubusercontent.com/thewatermouse/melindaejulius/main/assets/placeholders/temperos_especiarias.jpg,https://melindaejulius.com.br,Vegetariano,
108656,ESP VALESO PET CANELA PO 35G,Vegetariano | Pet Canela Po | Marca: Valeso | Embalagem: 35G,in stock,new,14.80 BRL,Valeso,Temperos & Especiarias,https://raw.githubusercontent.com/thewatermouse/melindaejulius/main/assets/placeholders/temperos_especiarias.jpg,https://melindaejulius.com.br,Vegetariano,
118285,ESP VALESO PET GOLDEN MILK CARDAMOMO 35G,Vegetariano | Pet Golden Milk Cardamomo | Marca: Valeso | Embalagem: 35G,in stock,new,15.20 BRL,Valeso,Temperos & Especiarias,https://raw.githubusercontent.com/thewatermouse/melindaejulius/main/assets/placeholders/temperos_especiarias.jpg,https://melindaejulius.com.br,Vegetariano,
117834,ESP VALESO PET CURRY MADRAS 35G,Vegetariano | Pet Curry Madras | Marca: Valeso | Embalagem: 35G,in stock,new,15.20 BRL,Valeso,Temperos & Especiarias,https://raw.githubusercontent.com/thewatermouse/melindaejulius/main/assets/placeholders/temperos_especiarias.jpg,https://melindaejulius.com.br,Vegetariano,
115972,ESP LEVECROC ACAFRAO ORGANICO 60G,Vegetariano · Orgânico | Acafrao Organico | Marca: Levecroc | Embalagem: 60G,in stock,new,15.20 BRL,Levecroc,Temperos & Especiarias,https://raw.githubusercontent.com/thewatermouse/melindaejulius/main/assets/placeholders/temperos_especiarias.jpg,https://melindaejulius.com.br,Organico,Vegetariano
117836,ESP VALESO PET PAPRICA DEFUMADA 30G,Vegetariano | Pet Paprica Defumada | Marca: Valeso | Embalagem: 30G,in stock,new,15.20 BRL,Valeso,Temperos & Especiarias,https://raw.githubusercontent.com/thewatermouse/melindaejulius/main/assets/placeholders/temperos_especiarias.jpg,https://melindaejulius.com.br,Vegetariano,
107257,ESP VALESO PET CURCUMA PO 35G,Vegetariano | Pet Curcuma Po | Marca: Valeso | Embalagem: 35G,in stock,new,15.20 BRL,Valeso,Temperos & Especiarias,https://raw.githubusercontent.com/thewatermouse/melindaejulius/main/assets/placeholders/temperos_especiarias.jpg,https://melindaejulius.com.br,Vegetariano,
117842,ESP VALESO PET VINDALOO 35G,Vegetariano | Pet Vindaloo | Marca: Valeso | Embalagem: 35G,in stock,new,15.20 BRL,Valeso,Temperos & Especiarias,https://raw.githubusercontent.com/thewatermouse/melindaejulius/main/assets/placeholders/temperos_especiarias.jpg,https://melindaejulius.com.br,Vegetariano,
107845,ESP VALESO PET NOZ MOSCADA INTEIRA 15G,Vegetariano | Pet Noz Moscada Inteira | Marca: Valeso | Embalagem: 15G,in stock,new,15.75 BRL,Valeso,Temperos & Especiarias,https://raw.githubusercontent.com/thewatermouse/melindaejulius/main/assets/placeholders/temperos_especiarias.jpg,https://melindaejulius.com.br,Vegetariano,
118281,ESP VALESO PET GUARANA 45G,Vegetariano | Pet Guarana | Marca: Valeso | Embalagem: 45G,in stock,new,15.90 BRL,Valeso,Temperos & Especiarias,https://raw.githubusercontent.com/thewatermouse/melindaejulius/main/assets/placeholders/temperos_especiarias.jpg,https://melindaejulius.com.br,Vegetariano,
111150,ESP BRSPICES ALECRIM 20G,Vegetariano | Alecrim | Marca: Brspices | Embalagem: 20G,in stock,new,16.35 BRL,Brspices,Temperos & Especiarias,https://raw.githubusercontent.com/thewatermouse/melindaejulius/main/assets/placeholders/temperos_especiarias.jpg,https://melindaejulius.com.br,Vegetariano,
107522,ESP BRSPICES OREGANO 10G,Vegetariano | Oregano | Marca: Brspices | Embalagem: 10G,in stock,new,16.55 BRL,Brspices,Temperos & Especiarias,https://raw.githubusercontent.com/thewatermouse/melindaejulius/main/assets/placeholders/temperos_especiarias.jpg,https://melindaejulius.com.br,Vegetariano,
118282,ESP VALESO PET PUMPKIN PIE SPICE 35G,Vegetariano | Pet Pumpkin Pie Spice | Marca: Valeso | Embalagem: 35G,in stock,new,16.70 BRL,Valeso,Temperos & Especiarias,https://raw.githubusercontent.com/thewatermouse/melindaejulius/main/assets/placeholders/temperos_especiarias.jpg,https://melindaejulius.com.br,Vegetariano,
119445,ESP BRSPICES CURCUMA 60G,Vegetariano | Curcuma | Marca: Brspices | Embalagem: 60G,in stock,new,17.35 BRL,Brspices,Temperos & Especiarias,https://raw.githubusercontent.com/thewatermouse/melindaejulius/main/assets/placeholders/temperos_especiarias.jpg,https://melindaejulius.com.br,Vegetariano,
107270,ESP BOMBAY POUCH ZAATAR 40G,Vegetariano | Pouch Zaatar | Marca: Bombay | Embalagem: 40G,in stock,new,17.90 BRL,Bombay,Temperos & Especiarias,https://raw.githubusercontent.com/thewatermouse/melindaejulius/main/assets/placeholders/temperos_especiarias.jpg,https://melindaejulius.com.br,Vegetariano,
119607,ESP JATOBA CRAVO 30G,Vegetariano | Cravo | Marca: Jatoba | Embalagem: 30G,in stock,new,18.50 BRL,Jatoba,Temperos & Especiarias,https://raw.githubusercontent.com/thewatermouse/melindaejulius/main/assets/placeholders/temperos_especiarias.jpg,https://melindaejulius.com.br,Vegetariano,
107454,ESP GRAOVIZIR COENTRO 25G,Vegetariano | Coentro | Marca: Graovizir | Embalagem: 25G,in stock,new,18.80 BRL,Graovizir,Temperos & Especiarias,https://raw.githubusercontent.com/thewatermouse/melindaejulius/main/assets/placeholders/temperos_especiarias.jpg,https://melindaejulius.com.br,Vegetariano,
107447,ESP GRAOVIZIR OREGANO 15G,Vegetariano | Oregano | Marca: Graovizir | Embalagem: 15G,in stock,new,18.80 BRL,Graovizir,Temperos & Especiarias,https://raw.githubusercontent.com/thewatermouse/melindaejulius/main/assets/placeholders/temperos_especiarias.jpg,https://melindaejulius.com.br,Vegetariano,
117920,ESP GRAOVIZIR ENDRO 35G,Vegetariano | Endro | Marca: Graovizir | Embalagem: 35G,in stock,new,18.80 BRL,Graovizir,Temperos & Especiarias,https://raw.githubusercontent.com/thewatermouse/melindaejulius/main/assets/placeholders/temperos_especiarias.jpg,https://melindaejulius.com.br,Vegetariano,
118785,ESP GRAOVIZIR FUNCHO 35G,Vegetariano | Funcho | Marca: Graovizir | Embalagem: 35G,in stock,new,18.80 BRL,Graovizir,Temperos & Especiarias,https://raw.githubusercontent.com/thewatermouse/melindaejulius/main/assets/placeholders/temperos_especiarias.jpg,https://melindaejulius.com.br,Vegetariano,
107448,ESP GRAOVIZIR MOSTARDA CLARA 45G,Vegetariano | Mostarda Clara | Marca: Graovizir | Embalagem: 45G,in stock,new,18.80 BRL,Graovizir,Temperos & Especiarias,https://raw.githubusercontent.com/thewatermouse/melindaejulius/main/assets/placeholders/temperos_especiarias.jpg,https://melindaejulius.com.br,Vegetariano,
107456,ESP GRAOVIZIR CURCUMA 45G,Vegetariano | Curcuma | Marca: Graovizir | Embalagem: 45G,in stock,new,18.80 BRL,Graovizir,Temperos & Especiarias,https://raw.githubusercontent.com/thewatermouse/melindaejulius/main/assets/placeholders/temperos_especiarias.jpg,https://melindaejulius.com.br,Vegetariano,
119075,ESP GRAOVIZIR CAPIM LIMAO 10G,Vegetariano | Capim Limao | Marca: Graovizir | Embalagem: 10G,in stock,new,18.80 BRL,Graovizir,Temperos & Especiarias,https://raw.githubusercontent.com/thewatermouse/melindaejulius/main/assets/placeholders/temperos_especiarias.jpg,https://melindaejulius.com.br,Vegetariano,
109141,BALA AMATUVIDA GENGIBRE CRAVO CANELA 40G,Vegetariano | Gengibre Cravo Canela | Marca: Amatuvida | Embalagem: 40G,in stock,new,4.10 BRL,Amatuvida,Barras & Snacks,https://raw.githubusercontent.com/thewatermouse/melindaejulius/main/assets/placeholders/barras_snacks.jpg,https://melindaejulius.com.br,Vegetariano,
109165,BALA AMATUVIDA GENGIBRE LIMAO 40G,Vegetariano | Gengibre Limao | Marca: Amatuvida | Embalagem: 40G,in stock,new,4.10 BRL,Amatuvida,Barras & Snacks,https://raw.githubusercontent.com/thewatermouse/melindaejulius/main/assets/placeholders/barras_snacks.jpg,https://melindaejulius.com.br,Vegetariano,
109140,BALA AMATUVIDA GENGIBRE MEL PROPOLIS 40G,Vegetariano | Gengibre Mel Propolis | Marca: Amatuvida | Embalagem: 40G,in stock,new,4.10 BRL,Amatuvida,Barras & Snacks,https://raw.githubusercontent.com/thewatermouse/melindaejulius/main/assets/placeholders/barras_snacks.jpg,https://melindaejulius.com.br,Vegetariano,
110849,BALA AMATUVIDA GENGIBRE MEL GUACO PROPOLIS 40G,Vegetariano | Gengibre Mel Guaco Propolis | Marca: Amatuvida | Embalagem: 40G,in stock,new,4.10 BRL,Amatuvida,Barras & Snacks,https://raw.githubusercontent.com/thewatermouse/melindaejulius/main/assets/placeholders/barras_snacks.jpg,https://melindaejulius.com.br,Vegetariano,
108637,BALA AMATUVIDA GENGIBRE MEL 40G,Vegetariano | Gengibre Mel | Marca: Amatuvida | Embalagem: 40G,in stock,new,4.10 BRL,Amatuvida,Barras & Snacks,https://raw.githubusercontent.com/thewatermouse/melindaejulius/main/assets/placeholders/barras_snacks.jpg,https://melindaejulius.com.br,Vegetariano,
111526,BOLINHO SUAVIPAN VEGANO LARANJA CENOURA 35G,Vegano · Vegetariano | Vegano Laranja Cenoura | Marca: Suavipan | Embalagem: 35G,in stock,new,5.45 BRL,Suavipan,Barras & Snacks,https://raw.githubusercontent.com/thewatermouse/melindaejulius/main/assets/placeholders/barras_snacks.jpg,https://melindaejulius.com.br,Vegano,Vegetariano
116732,BARRA AGTAL AVELA NIBS 30G,Vegetariano | Avela Nibs | Marca: Agtal | Embalagem: 30G,in stock,new,6.40 BRL,Agtal,Barras & Snacks,https://raw.githubusercontent.com/thewatermouse/melindaejulius/main/assets/placeholders/barras_snacks.jpg,https://melindaejulius.com.br,Vegetariano,
111369,BARRA AGTAL NOZES CANELA 30G,Vegetariano | Nozes Canela | Marca: Agtal | Embalagem: 30G,in stock,new,6.40 BRL,Agtal,Barras & Snacks,https://raw.githubusercontent.com/thewatermouse/melindaejulius/main/assets/placeholders/barras_snacks.jpg,https://melindaejulius.com.br,Vegetariano,
114541,BARRA AGTAL COCO AMENDOAS 30G,Vegetariano | Coco Amendoas | Marca: Agtal | Embalagem: 30G,in stock,new,6.40 BRL,Agtal,Barras & Snacks,https://raw.githubusercontent.com/thewatermouse/melindaejulius/main/assets/placeholders/barras_snacks.jpg,https://melindaejulius.com.br,Vegetariano,
114542,BARRA AGTAL CRANBERRY 30G,Vegetariano | Cranberry | Marca: Agtal | Embalagem: 30G,in stock,new,6.40 BRL,Agtal,Barras & Snacks,https://raw.githubusercontent.com/thewatermouse/melindaejulius/main/assets/placeholders/barras_snacks.jpg,https://melindaejulius.com.br,Vegetariano,
107819,BALA PRODAPYS GENGIBRE CRAVO CANELA 40G,Vegetariano | Gengibre Cravo Canela | Marca: Prodapys | Embalagem: 40G,in stock,new,7.10 BRL,Prodapys,Barras & Snacks,https://raw.githubusercontent.com/thewatermouse/melindaejulius/main/assets/placeholders/barras_snacks.jpg,https://melindaejulius.com.br,Vegetariano,
105281,BALA PRODAPYS GENGIBRE 40G,Vegetariano | Gengibre | Marca: Prodapys | Embalagem: 40G,in stock,new,7.10 BRL,Prodapys,Barras & Snacks,https://raw.githubusercontent.com/thewatermouse/melindaejulius/main/assets/placeholders/barras_snacks.jpg,https://melindaejulius.com.br,Vegetariano,
115011,BARRA HARTS COCO CHOCO 35G,Vegetariano | Coco Choco | Marca: Harts | Embalagem: 35G,in stock,new,7.90 BRL,Harts,Barras & Snacks,https://raw.githubusercontent.com/thewatermouse/melindaejulius/main/assets/placeholders/barras_snacks.jpg,https://melindaejulius.com.br,Vegetariano,
115617,BARRA HARTS CRANBERRY CHOCOLATE 35G,Vegetariano | Cranberry Chocolate | Marca: Harts | Embalagem: 35G,in stock,new,7.90 BRL,Harts,Barras & Snacks,https://raw.githubusercontent.com/thewatermouse/melindaejulius/main/assets/placeholders/barras_snacks.jpg,https://melindaejulius.com.br,Vegetariano,
116238,BARRA MOVE PROTEIN CACAU 40G,Vegetariano | Protein Cacau | Marca: Move | Embalagem: 40G,in stock,new,8.90 BRL,Move,Barras & Snacks,https://raw.githubusercontent.com/thewatermouse/melindaejulius/main/assets/placeholders/barras_snacks.jpg,https://melindaejulius.com.br,Vegetariano,
118497,BARRA MOVE PROTEIN BANANA 40G,Vegetariano | Protein Banana | Marca: Move | Embalagem: 40G,in stock,new,8.90 BRL,Move,Barras & Snacks,https://raw.githubusercontent.com/thewatermouse/melindaejulius/main/assets/placeholders/barras_snacks.jpg,https://melindaejulius.com.br,Vegetariano,
115648,BROWNIE BELIVE CHOCOLATE 40G,Vegetariano | Chocolate | Marca: Belive | Embalagem: 40G,in stock,new,8.95 BRL,Belive,Barras & Snacks,https://raw.githubusercontent.com/thewatermouse/melindaejulius/main/assets/placeholders/barras_snacks.jpg,https://melindaejulius.com.br,Vegetariano,
105553,BARRA BIO2 VEGAN CRUNCHY CARAMELO 28G,Vegano · Vegetariano | Vegan Crunchy Caramelo | Marca: Bio2 | Embalagem: 28G,in stock,new,8.95 BRL,Bio2,Barras & Snacks,https://raw.githubusercontent.com/thewatermouse/melindaejulius/main/assets/placeholders/barras_snacks.jpg,https://melindaejulius.com.br,Vegano,Vegetariano
113445,CHIP ROOTSTOGO MANDIOCA BATATA DOCE ORIGINAL 45G,Vegetariano | Mandioca Batata Doce Original | Marca: Rootstogo | Embalagem: 45G,in stock,new,9.15 BRL,Rootstogo,Barras & Snacks,https://raw.githubusercontent.com/thewatermouse/melindaejulius/main/assets/placeholders/barras_snacks.jpg,https://melindaejulius.com.br,Vegetariano,
117353,CHIP ROOTSTOGO BATATA DOCE AZEITE 45G,Vegetariano | Batata Doce Azeite | Marca: Rootstogo | Embalagem: 45G,in stock,new,9.15 BRL,Rootstogo,Barras & Snacks,https://raw.githubusercontent.com/thewatermouse/melindaejulius/main/assets/placeholders/barras_snacks.jpg,https://melindaejulius.com.br,Vegetariano,
117351,CHIP ROOTSTOGO TERIYAKI 45G,Vegetariano | Teriyaki | Marca: Rootstogo | Embalagem: 45G,in stock,new,9.15 BRL,Rootstogo,Barras & Snacks,https://raw.githubusercontent.com/thewatermouse/melindaejulius/main/assets/placeholders/barras_snacks.jpg,https://melindaejulius.com.br,Vegetariano,
113444,CHIP ROOTSTOGO BATATA DOCE 45G,Vegetariano | Batata Doce | Marca: Rootstogo | Embalagem: 45G,in stock,new,9.15 BRL,Rootstogo,Barras & Snacks,https://raw.githubusercontent.com/thewatermouse/melindaejulius/main/assets/placeholders/barras_snacks.jpg,https://melindaejulius.com.br,Vegetariano,
117346,CHIP ROOTSTOGO DIJON 45G,Vegetariano | Dijon | Marca: Rootstogo | Embalagem: 45G,in stock,new,9.15 BRL,Rootstogo,Barras & Snacks,https://raw.githubusercontent.com/thewatermouse/melindaejulius/main/assets/placeholders/barras_snacks.jpg,https://melindaejulius.com.br,Vegetariano,
116261,BROWNIE BELIVE PROTEIN DOUBLE CHOCO 40G,Vegetariano | Protein Double Choco | Marca: Belive | Embalagem: 40G,in stock,new,9.75 BRL,Belive,Barras & Snacks,https://raw.githubusercontent.com/thewatermouse/melindaejulius/main/assets/placeholders/barras_snacks.jpg,https://melindaejulius.com.br,Vegetariano,
118661,BROWNIE BELIVE PROTEIN DOUBLE CHOC ZERO 40G,Vegetariano | Protein Double Choc Zero | Marca: Belive | Embalagem: 40G,in stock,new,9.75 BRL,Belive,Barras & Snacks,https://raw.githubusercontent.com/thewatermouse/melindaejulius/main/assets/placeholders/barras_snacks.jpg,https://melindaejulius.com.br,Vegetariano,
109619,BARRA BIO2 PROTEIN CACAU MACA 40G,Vegetariano | Protein Cacau Maca | Marca: Bio2 | Embalagem: 40G,in stock,new,9.95 BRL,Bio2,Barras & Snacks,https://raw.githubusercontent.com/thewatermouse/melindaejulius/main/assets/placeholders/barras_snacks.jpg,https://melindaejulius.com.br,Vegetariano,
115093,BARRA BIO2 PROTEIN ALFARROBA 40G,Vegetariano | Protein Alfarroba | Marca: Bio2 | Embalagem: 40G,in stock,new,9.95 BRL,Bio2,Barras & Snacks,https://raw.githubusercontent.com/thewatermouse/melindaejulius/main/assets/placeholders/barras_snacks.jpg,https://melindaejulius.com.br,Vegetariano,
115246,BARRA BIO2 PROTEIN BAUNILHA 40G,Vegetariano | Protein Baunilha | Marca: Bio2 | Embalagem: 40G,in stock,new,9.95 BRL,Bio2,Barras & Snacks,https://raw.githubusercontent.com/thewatermouse/melindaejulius/main/assets/placeholders/barras_snacks.jpg,https://melindaejulius.com.br,Vegetariano,
113762,LEQUE BIJU CHOCOLATE 90G,Vegetariano | Biju Chocolate | Embalagem: 90G,in stock,new,10.70 BRL,Melinda & Julius,Barras & Snacks,https://raw.githubusercontent.com/thewatermouse/melindaejulius/main/assets/placeholders/barras_snacks.jpg,https://melindaejulius.com.br,Vegetariano,
116478,BROWNIE TAPIBROWNIE TRADICIONAL 50G,Vegetariano | Tapibrownie Tradicional | Embalagem: 50G,in stock,new,11.60 BRL,Melinda & Julius,Barras & Snacks,https://raw.githubusercontent.com/thewatermouse/melindaejulius/main/assets/placeholders/barras_snacks.jpg,https://melindaejulius.com.br,Vegetariano,
112976,BALA NATUREZA GENGIBRE TRADICIONAL 40G,Vegetariano | Gengibre Tradicional | Marca: Natureza | Embalagem: 40G,in stock,new,12.50 BRL,Natureza,Barras & Snacks,https://raw.githubusercontent.com/thewatermouse/melindaejulius/main/assets/placeholders/barras_snacks.jpg,https://melindaejulius.com.br,Vegetariano,
115539,BROWNIE HOUSEOFMAYA BELGA 50G,Vegetariano | Belga | Marca: Houseofmaya | Embalagem: 50G,in stock,new,13.40 BRL,Houseofmaya,Barras & Snacks,https://raw.githubusercontent.com/thewatermouse/melindaejulius/main/assets/placeholders/barras_snacks.jpg,https://melindaejulius.com.br,Vegetariano,
115288,BARRA 3CORACOES CARAMELO 50G,Vegetariano | 3Coracoes Caramelo | Embalagem: 50G,in stock,new,13.40 BRL,Melinda & Julius,Barras & Snacks,https://raw.githubusercontent.com/thewatermouse/melindaejulius/main/assets/placeholders/barras_snacks.jpg,https://melindaejulius.com.br,Vegetariano,
113474,GRANOLA LEVECROC ESPECIAL SEM GLUTEN 200G,Vegetariano · Sem Glúten | Especial Sem Gluten | Marca: Levecroc | Embalagem: 200G,in stock,new,15.65 BRL,Levecroc,Barras & Snacks,https://raw.githubusercontent.com/thewatermouse/melindaejulius/main/assets/placeholders/barras_snacks.jpg,https://melindaejulius.com.br,Sem Gluten,Vegetariano
105236,CANJICA OKOSHI SALGADA 40G,Vegetariano | Salgada | Marca: Okoshi | Embalagem: 40G,in stock,new,4.95 BRL,Okoshi,"Grãos, Cereais & Sementes",https://raw.githubusercontent.com/thewatermouse/melindaejulius/main/assets/placeholders/graos_cereais_sementes.jpg,https://melindaejulius.com.br,Vegetariano,
116471,FEIJAO CAMIL PRETO 500G,Vegetariano | Preto | Marca: Camil | Embalagem: 500G,in stock,new,5.30 BRL,Camil,"Grãos, Cereais & Sementes",https://raw.githubusercontent.com/thewatermouse/melindaejulius/main/assets/placeholders/graos_cereais_sementes.jpg,https://melindaejulius.com.br,Vegetariano,
108190,LINHACA CASAFORTE GRAO MARROM 200G,Vegetariano | Grao Marrom | Marca: Casaforte | Embalagem: 200G,in stock,new,5.95 BRL,Casaforte,"Grãos, Cereais & Sementes",https://raw.githubusercontent.com/thewatermouse/melindaejulius/main/assets/placeholders/graos_cereais_sementes.jpg,https://melindaejulius.com.br,Vegetariano,
108362,FEIJAO CASAFORTE MOYASHI 300G,Vegetariano | Moyashi | Marca: Casaforte | Embalagem: 300G,in stock,new,6.65 BRL,Casaforte,"Grãos, Cereais & Sementes",https://raw.githubusercontent.com/thewatermouse/melindaejulius/main/assets/placeholders/graos_cereais_sementes.jpg,https://melindaejulius.com.br,Vegetariano,
118233,CANJICA OKOSHI ACUCAR COCO 50G,Vegetariano | Acucar Coco | Marca: Okoshi | Embalagem: 50G,in stock,new,6.65 BRL,Okoshi,"Grãos, Cereais & Sementes",https://raw.githubusercontent.com/thewatermouse/melindaejulius/main/assets/placeholders/graos_cereais_sementes.jpg,https://melindaejulius.com.br,Vegetariano,
117257,ARROZ CAMIL BRANCO POLIDO 1KG,Vegetariano | Branco Polido | Marca: Camil | Embalagem: 1KG,in stock,new,7.25 BRL,Camil,"Grãos, Cereais & Sementes",https://raw.githubusercontent.com/thewatermouse/melindaejulius/main/assets/placeholders/graos_cereais_sementes.jpg,https://melindaejulius.com.br,Vegetariano,
115924,LINHACA VITALIN GRAO DOURADA 120G,Vegetariano | Grao Dourada | Marca: Vitalin | Embalagem: 120G,in stock,new,7.55 BRL,Vitalin,"Grãos, Cereais & Sementes",https://raw.githubusercontent.com/thewatermouse/melindaejulius/main/assets/placeholders/graos_cereais_sementes.jpg,https://melindaejulius.com.br,Vegetariano,
119555,GRAO BICO CAMIL PRONTO 380G,Vegetariano | Pronto | Marca: Camil | Embalagem: 380G,in stock,new,7.95 BRL,Camil,"Grãos, Cereais & Sementes",https://raw.githubusercontent.com/thewatermouse/melindaejulius/main/assets/placeholders/graos_cereais_sementes.jpg,https://melindaejulius.com.br,Vegetariano,
118495,FEIJAO CAMIL PRONTO PRETO TEMPERADO 380G,Vegetariano | Pronto Preto Temperado | Marca: Camil | Embalagem: 380G,in stock,new,8.45 BRL,Camil,"Grãos, Cereais & Sementes",https://raw.githubusercontent.com/thewatermouse/melindaejulius/main/assets/placeholders/graos_cereais_sementes.jpg,https://melindaejulius.com.br,Vegetariano,
118481,FEIJAO CERES AZUKI 200G,Vegetariano | Azuki | Marca: Ceres | Embalagem: 200G,in stock,new,8.50 BRL,Ceres,"Grãos, Cereais & Sementes",https://raw.githubusercontent.com/thewatermouse/melindaejulius/main/assets/placeholders/graos_cereais_sementes.jpg,https://melindaejulius.com.br,Vegetariano,
117258,ARROZ CAMIL AGULHA INTEGRAL PARBOLIZADO 1KG,Vegetariano | Agulha Integral Parbolizado | Marca: Camil | Embalagem: 1KG,in stock,new,8.90 BRL,Camil,"Grãos, Cereais & Sementes",https://raw.githubusercontent.com/thewatermouse/melindaejulius/main/assets/placeholders/graos_cereais_sementes.jpg,https://melindaejulius.com.br,Vegetariano,Integral
117211,CANJICA CAMIL MILHO BRANCO 500G,Vegetariano | Milho Branco | Marca: Camil | Embalagem: 500G,in stock,new,9.35 BRL,Camil,"Grãos, Cereais & Sementes",https://raw.githubusercontent.com/thewatermouse/melindaejulius/main/assets/placeholders/graos_cereais_sementes.jpg,https://melindaejulius.com.br,Vegetariano,
114443,ERVILHA CAMIL 500G,Vegetariano | Marca: Camil | Embalagem: 500G,in stock,new,9.35 BRL,Camil,"Grãos, Cereais & Sementes",https://raw.githubusercontent.com/thewatermouse/melindaejulius/main/assets/placeholders/graos_cereais_sementes.jpg,https://melindaejulius.com.br,Vegetariano,
105123,CEVADA MACROZEN GRAO 500G,Vegetariano | Grao | Marca: Macrozen | Embalagem: 500G,in stock,new,9.85 BRL,Macrozen,"Grãos, Cereais & Sementes",https://raw.githubusercontent.com/thewatermouse/melindaejulius/main/assets/placeholders/graos_cereais_sementes.jpg,https://melindaejulius.com.br,Vegetariano,
114446,FEIJAO CAMIL PRONTO CARIOCA PARA TEMPERAR 490G,Vegetariano | Pronto Carioca Para Temperar | Marca: Camil | Embalagem: 490G,in stock,new,10.85 BRL,Camil,"Grãos, Cereais & Sementes",https://raw.githubusercontent.com/thewatermouse/melindaejulius/main/assets/placeholders/graos_cereais_sementes.jpg,https://melindaejulius.com.br,Vegetariano,
117423,GERGELIM LEVECROC MIX 100G,Vegetariano | Mix | Marca: Levecroc | Embalagem: 100G,in stock,new,11.60 BRL,Levecroc,"Grãos, Cereais & Sementes",https://raw.githubusercontent.com/thewatermouse/melindaejulius/main/assets/placeholders/graos_cereais_sementes.jpg,https://melindaejulius.com.br,Vegetariano,
114450,FEIJAO CAMIL PRONTO PRETO PARA TEMPERAR 490G,Vegetariano | Pronto Preto Para Temperar | Marca: Camil | Embalagem: 490G,in stock,new,11.60 BRL,Camil,"Grãos, Cereais & Sementes",https://raw.githubusercontent.com/thewatermouse/melindaejulius/main/assets/placeholders/graos_cereais_sementes.jpg,https://melindaejulius.com.br,Vegetariano,
114448,FEIJAO CAMIL CARIOCA 1KG,Vegetariano | Carioca | Marca: Camil | Embalagem: 1KG,in stock,new,11.95 BRL,Camil,"Grãos, Cereais & Sementes",https://raw.githubusercontent.com/thewatermouse/melindaejulius/main/assets/placeholders/graos_cereais_sementes.jpg,https://melindaejulius.com.br,Vegetariano,
114444,GRAO BICO CAMIL 500G,Vegetariano | Marca: Camil | Embalagem: 500G,in stock,new,12.50 BRL,Camil,"Grãos, Cereais & Sementes",https://raw.githubusercontent.com/thewatermouse/melindaejulius/main/assets/placeholders/graos_cereais_sementes.jpg,https://melindaejulius.com.br,Vegetariano,
116808,GRAO BICO CALDOBOM 250G,Vegetariano | Marca: Caldobom | Embalagem: 250G,in stock,new,13.40 BRL,Caldobom,"Grãos, Cereais & Sementes",https://raw.githubusercontent.com/thewatermouse/melindaejulius/main/assets/placeholders/graos_cereais_sementes.jpg,https://melindaejulius.com.br,Vegetariano,
115436,FEIJAO CASAFORTE AZUKI 500G,Vegetariano | Azuki | Marca: Casaforte | Embalagem: 500G,in stock,new,13.40 BRL,Casaforte,"Grãos, Cereais & Sementes",https://raw.githubusercontent.com/thewatermouse/melindaejulius/main/assets/placeholders/graos_cereais_sementes.jpg,https://melindaejulius.com.br,Vegetariano,
105153,CEVADINHA BRANCA MACROZEN 500G,Vegetariano | Marca: Macrozen | Embalagem: 500G,in stock,new,13.40 BRL,Macrozen,"Grãos, Cereais & Sementes",https://raw.githubusercontent.com/thewatermouse/melindaejulius/main/assets/placeholders/graos_cereais_sementes.jpg,https://melindaejulius.com.br,Vegetariano,
105127,GERMEN TRIGO MACROZEN CRU 500G,Vegetariano | Cru | Marca: Macrozen | Embalagem: 500G,in stock,new,13.60 BRL,Macrozen,"Grãos, Cereais & Sementes",https://raw.githubusercontent.com/thewatermouse/melindaejulius/main/assets/placeholders/graos_cereais_sementes.jpg,https://melindaejulius.com.br,Vegetariano,
104856,FEIJAO CALDOBOM VERMELHO 250G,Vegetariano | Vermelho | Marca: Caldobom | Embalagem: 250G,in stock,new,13.90 BRL,Caldobom,"Grãos, Cereais & Sementes",https://raw.githubusercontent.com/thewatermouse/melindaejulius/main/assets/placeholders/graos_cereais_sementes.jpg,https://melindaejulius.com.br,Vegetariano,
105836,ARROZ VOLKMANN AGULHINHA INTEGRAL 1KG,Vegetariano | Agulhinha Integral | Marca: Volkmann | Embalagem: 1KG,in stock,new,14.30 BRL,Volkmann,"Grãos, Cereais & Sementes",https://raw.githubusercontent.com/thewatermouse/melindaejulius/main/assets/placeholders/graos_cereais_sementes.jpg,https://melindaejulius.com.br,Vegetariano,Integral
115456,FEIJAO CAMIL ROSINHA 500G,Vegetariano | Rosinha | Marca: Camil | Embalagem: 500G,in stock,new,14.30 BRL,Camil,"Grãos, Cereais & Sementes",https://raw.githubusercontent.com/thewatermouse/melindaejulius/main/assets/placeholders/graos_cereais_sementes.jpg,https://melindaejulius.com.br,Vegetariano,
104637,ARROZ GUIN JAPONES 404 TIPO1 1KG,Vegetariano | Japones Tipo1 | Marca: Guin | Embalagem: 1KG,in stock,new,14.30 BRL,Guin,"Grãos, Cereais & Sementes",https://raw.githubusercontent.com/thewatermouse/melindaejulius/main/assets/placeholders/graos_cereais_sementes.jpg,https://melindaejulius.com.br,Vegetariano,
108525,ARROZ TIOJOAO 7GRAOS PASSAS 500G,Vegetariano | 7Graos Passas | Marca: Tiojoao | Embalagem: 500G,in stock,new,14.95 BRL,Tiojoao,"Grãos, Cereais & Sementes",https://raw.githubusercontent.com/thewatermouse/melindaejulius/main/assets/placeholders/graos_cereais_sementes.jpg,https://melindaejulius.com.br,Vegetariano,
114222,FARINHA COPRA COCO 100G,Vegetariano | Coco | Marca: Copra | Embalagem: 100G,in stock,new,3.75 BRL,Copra,"Farinhas, Amidos & Panificação",https://raw.githubusercontent.com/thewatermouse/melindaejulius/main/assets/placeholders/farinhas_panificacao.jpg,https://melindaejulius.com.br,Vegetariano,
107512,FARELO MACROZEN TRIGO 200G,Vegetariano | Trigo | Marca: Macrozen | Embalagem: 200G,in stock,new,6.50 BRL,Macrozen,"Farinhas, Amidos & Panificação",https://raw.githubusercontent.com/thewatermouse/melindaejulius/main/assets/placeholders/farinhas_panificacao.jpg,https://melindaejulius.com.br,Vegetariano,
108786,FARELO MACROZEN AVEIA 200G,Vegetariano | Aveia | Marca: Macrozen | Embalagem: 200G,in stock,new,8.10 BRL,Macrozen,"Farinhas, Amidos & Panificação",https://raw.githubusercontent.com/thewatermouse/melindaejulius/main/assets/placeholders/farinhas_panificacao.jpg,https://melindaejulius.com.br,Vegetariano,
105120,FLOCOS MACROZEN ARROZ 200G,Vegetariano | Arroz | Marca: Macrozen | Embalagem: 200G,in stock,new,8.90 BRL,Macrozen,"Farinhas, Amidos & Panificação",https://raw.githubusercontent.com/thewatermouse/melindaejulius/main/assets/placeholders/farinhas_panificacao.jpg,https://melindaejulius.com.br,Vegetariano,
116185,BICARBONATO SODIO LABLIFE 100G,Vegetariano | Sodio Lablife | Embalagem: 100G,in stock,new,9.80 BRL,Melinda & Julius,"Farinhas, Amidos & Panificação",https://raw.githubusercontent.com/thewatermouse/melindaejulius/main/assets/placeholders/farinhas_panificacao.jpg,https://melindaejulius.com.br,Vegetariano,
105117,FARINHA MACROZEN CENTEIO 500G,Vegetariano | Centeio | Marca: Macrozen | Embalagem: 500G,in stock,new,9.95 BRL,Macrozen,"Farinhas, Amidos & Panificação",https://raw.githubusercontent.com/thewatermouse/melindaejulius/main/assets/placeholders/farinhas_panificacao.jpg,https://melindaejulius.com.br,Vegetariano,
105142,FECULA MACROZEN MANDIOCA 500G,Vegetariano | Mandioca | Marca: Macrozen | Embalagem: 500G,in stock,new,10.95 BRL,Macrozen,"Farinhas, Amidos & Panificação",https://raw.githubusercontent.com/thewatermouse/melindaejulius/main/assets/placeholders/farinhas_panificacao.jpg,https://melindaejulius.com.br,Vegetariano,
107290,FARINHA CASAFORTE MARACUJA 200G,Vegetariano | Maracuja | Marca: Casaforte | Embalagem: 200G,in stock,new,11.15 BRL,Casaforte,"Farinhas, Amidos & Panificação",https://raw.githubusercontent.com/thewatermouse/melindaejulius/main/assets/placeholders/farinhas_panificacao.jpg,https://melindaejulius.com.br,Vegetariano,
114888,FLOCOS LEVECROC MILHO 250G,Vegetariano | Milho | Marca: Levecroc | Embalagem: 250G,in stock,new,11.20 BRL,Levecroc,"Farinhas, Amidos & Panificação",https://raw.githubusercontent.com/thewatermouse/melindaejulius/main/assets/placeholders/farinhas_panificacao.jpg,https://melindaejulius.com.br,Vegetariano,
105119,FLOCOS MACROZEN AVEIA FINO 500G,Vegetariano | Aveia Fino | Marca: Macrozen | Embalagem: 500G,in stock,new,11.35 BRL,Macrozen,"Farinhas, Amidos & Panificação",https://raw.githubusercontent.com/thewatermouse/melindaejulius/main/assets/placeholders/farinhas_panificacao.jpg,https://melindaejulius.com.br,Vegetariano,
109869,FLOCOS MACROZEN AVEIA LAMINADO 500G,Vegetariano | Aveia Laminado | Marca: Macrozen | Embalagem: 500G,in stock,new,11.36 BRL,Macrozen,"Farinhas, Amidos & Panificação",https://raw.githubusercontent.com/thewatermouse/melindaejulius/main/assets/placeholders/farinhas_panificacao.jpg,https://melindaejulius.com.br,Vegetariano,
107702,FLOCOS ECOBIO AVEIA LAMINADO 250G,Vegetariano | Aveia Laminado | Marca: Ecobio | Embalagem: 250G,in stock,new,11.60 BRL,Ecobio,"Farinhas, Amidos & Panificação",https://raw.githubusercontent.com/thewatermouse/melindaejulius/main/assets/placeholders/farinhas_panificacao.jpg,https://melindaejulius.com.br,Vegetariano,
117002,FARINHA COOPERNATURAL CENTEIO 350G,Vegetariano | Centeio | Marca: Coopernatural | Embalagem: 350G,in stock,new,11.60 BRL,Coopernatural,"Farinhas, Amidos & Panificação",https://raw.githubusercontent.com/thewatermouse/melindaejulius/main/assets/placeholders/farinhas_panificacao.jpg,https://melindaejulius.com.br,Vegetariano,
108133,FLOCAO ECOBIO MILHO 250G,Vegetariano | Milho | Marca: Ecobio | Embalagem: 250G,in stock,new,11.60 BRL,Ecobio,"Farinhas, Amidos & Panificação",https://raw.githubusercontent.com/thewatermouse/melindaejulius/main/assets/placeholders/farinhas_panificacao.jpg,https://melindaejulius.com.br,Vegetariano,
118540,FARINHA ECOBIO AVEIA 250G,Vegetariano | Aveia | Marca: Ecobio | Embalagem: 250G,in stock,new,11.60 BRL,Ecobio,"Farinhas, Amidos & Panificação",https://raw.githubusercontent.com/thewatermouse/melindaejulius/main/assets/placeholders/farinhas_panificacao.jpg,https://melindaejulius.com.br,Vegetariano,
115966,FLOCOS LEVECROC MILHO MASCAVO 250G,Vegetariano | Milho Mascavo | Marca: Levecroc | Embalagem: 250G,in stock,new,12.50 BRL,Levecroc,"Farinhas, Amidos & Panificação",https://raw.githubusercontent.com/thewatermouse/melindaejulius/main/assets/placeholders/farinhas_panificacao.jpg,https://melindaejulius.com.br,Vegetariano,
114796,FUBA MILHO MANOVELHO ORGANICO 500G,Vegetariano · Orgânico | Organico | Marca: Manovelho | Embalagem: 500G,in stock,new,12.50 BRL,Manovelho,"Farinhas, Amidos & Panificação",https://raw.githubusercontent.com/thewatermouse/melindaejulius/main/assets/placeholders/farinhas_panificacao.jpg,https://melindaejulius.com.br,Organico,Vegetariano
107723,FARINHA VITALIN AMARANTO ORGANICA 120G,Vegetariano · Orgânico | Amaranto Organica | Marca: Vitalin | Embalagem: 120G,in stock,new,12.50 BRL,Vitalin,"Farinhas, Amidos & Panificação",https://raw.githubusercontent.com/thewatermouse/melindaejulius/main/assets/placeholders/farinhas_panificacao.jpg,https://melindaejulius.com.br,Organico,Vegetariano
116053,FLOCOS LEVECROC AVEIA MEDIA SEM GLUTEN 200G,Vegetariano · Sem Glúten | Aveia Media Sem Gluten | Marca: Levecroc | Embalagem: 200G,in stock,new,12.75 BRL,Levecroc,"Farinhas, Amidos & Panificação",https://raw.githubusercontent.com/thewatermouse/melindaejulius/main/assets/placeholders/farinhas_panificacao.jpg,https://melindaejulius.com.br,Sem Gluten,Vegetariano
113654,FARINHA LEVECROC AVEIA 200G,Vegetariano | Aveia | Marca: Levecroc | Embalagem: 200G,in stock,new,12.75 BRL,Levecroc,"Farinhas, Amidos & Panificação",https://raw.githubusercontent.com/thewatermouse/melindaejulius/main/assets/placeholders/farinhas_panificacao.jpg,https://melindaejulius.com.br,Vegetariano,
113009,FLOCOS LEVECROC AVEIA FINA 200G,Vegetariano | Aveia Fina | Marca: Levecroc | Embalagem: 200G,in stock,new,12.75 BRL,Levecroc,"Farinhas, Amidos & Panificação",https://raw.githubusercontent.com/thewatermouse/melindaejulius/main/assets/placeholders/farinhas_panificacao.jpg,https://melindaejulius.com.br,Vegetariano,
114564,CLORETO MAGNESIO MEISSEN PO SACHE 33G,Po Sache | Marca: Meissen | Embalagem: 33G,in stock,new,7.80 BRL,Meissen,Suplementos & Saúde,https://raw.githubusercontent.com/thewatermouse/melindaejulius/main/assets/placeholders/suplementos_saude.jpg,https://melindaejulius.com.br,,
117702,CAP ESSENCIALBIO ESPINHEIRA SANTA 60CAPS,Vegetariano | Espinheira Santa | Marca: Essencialbio | Embalagem: 60CAPS,in stock,new,23.20 BRL,Essencialbio,Suplementos & Saúde,https://raw.githubusercontent.com/thewatermouse/melindaejulius/main/assets/placeholders/suplementos_saude.jpg,https://melindaejulius.com.br,Vegetariano,
119202,CAP ESSENCIALBIO CANELA VELHO SUCUPIRA 60CAPS,Vegetariano | Canela Velho Sucupira | Marca: Essencialbio | Embalagem: 60CAPS,in stock,new,24.65 BRL,Essencialbio,Suplementos & Saúde,https://raw.githubusercontent.com/thewatermouse/melindaejulius/main/assets/placeholders/suplementos_saude.jpg,https://melindaejulius.com.br,Vegetariano,
119697,CAP ESSENCIALBIO MELAO SAO CAETANO 60CAPS,Vegetariano | Melao Sao Caetano | Marca: Essencialbio | Embalagem: 60CAPS,in stock,new,26.90 BRL,Essencialbio,Suplementos & Saúde,https://raw.githubusercontent.com/thewatermouse/melindaejulius/main/assets/placeholders/suplementos_saude.jpg,https://melindaejulius.com.br,Vegetariano,
119775,CAP ESSENCIALBIO METILCOBALAMINA 60CAPS,Vegetariano | Metilcobalamina | Marca: Essencialbio | Embalagem: 60CAPS,in stock,new,26.90 BRL,Essencialbio,Suplementos & Saúde,https://raw.githubusercontent.com/thewatermouse/melindaejulius/main/assets/placeholders/suplementos_saude.jpg,https://melindaejulius.com.br,Vegetariano,
110530,ACAI TUI PO 150G,Vegetariano | Po | Marca: Tui | Embalagem: 150G,in stock,new,27.20 BRL,Tui,Suplementos & Saúde,https://raw.githubusercontent.com/thewatermouse/melindaejulius/main/assets/placeholders/suplementos_saude.jpg,https://melindaejulius.com.br,Vegetariano,
118560,CAP ESSENCIALBIO PSYLLIUM 60CAPS,Vegetariano | Psyllium | Marca: Essencialbio | Embalagem: 60CAPS,in stock,new,28.70 BRL,Essencialbio,Suplementos & Saúde,https://raw.githubusercontent.com/thewatermouse/melindaejulius/main/assets/placeholders/suplementos_saude.jpg,https://melindaejulius.com.br,Vegetariano,
119337,CAP LANDERLABS TRIBULUS 60CAPS,Vegetariano | Tribulus | Marca: Landerlabs | Embalagem: 60CAPS,in stock,new,28.70 BRL,Landerlabs,Suplementos & Saúde,https://raw.githubusercontent.com/thewatermouse/melindaejulius/main/assets/placeholders/suplementos_saude.jpg,https://melindaejulius.com.br,Vegetariano,
119087,CAP ESSENCIALBIO MORINGA 60CAPS,Vegetariano | Moringa | Marca: Essencialbio | Embalagem: 60CAPS,in stock,new,29.60 BRL,Essencialbio,Suplementos & Saúde,https://raw.githubusercontent.com/thewatermouse/melindaejulius/main/assets/placeholders/suplementos_saude.jpg,https://melindaejulius.com.br,Vegetariano,
118151,CAP FAUNA SPIRULINA 60CAPS,Vegetariano | Spirulina | Marca: Fauna | Embalagem: 60CAPS,in stock,new,29.60 BRL,Fauna,Suplementos & Saúde,https://raw.githubusercontent.com/thewatermouse/melindaejulius/main/assets/placeholders/suplementos_saude.jpg,https://melindaejulius.com.br,Vegetariano,
119743,CAP ESSENCIALBIO VALERIANA 60CAPS,Vegetariano | Valeriana | Marca: Essencialbio | Embalagem: 60CAPS,in stock,new,29.95 BRL,Essencialbio,Suplementos & Saúde,https://raw.githubusercontent.com/thewatermouse/melindaejulius/main/assets/placeholders/suplementos_saude.jpg,https://melindaejulius.com.br,Vegetariano,
118631,CAP FAUNA CLORELLA 60CAPS,Vegetariano | Clorella | Marca: Fauna | Embalagem: 60CAPS,in stock,new,30.50 BRL,Fauna,Suplementos & Saúde,https://raw.githubusercontent.com/thewatermouse/melindaejulius/main/assets/placeholders/suplementos_saude.jpg,https://melindaejulius.com.br,Vegetariano,
119201,CAP FAUNA PROPOLIS VERDE 30CAPS,Vegetariano | Propolis Verde | Marca: Fauna | Embalagem: 30CAPS,in stock,new,31.40 BRL,Fauna,Suplementos & Saúde,https://raw.githubusercontent.com/thewatermouse/melindaejulius/main/assets/placeholders/suplementos_saude.jpg,https://melindaejulius.com.br,Vegetariano,
119740,CAP FAUNA ALHO 90CAPS,Vegetariano | Alho | Marca: Fauna | Embalagem: 90CAPS,in stock,new,31.40 BRL,Fauna,Suplementos & Saúde,https://raw.githubusercontent.com/thewatermouse/melindaejulius/main/assets/placeholders/suplementos_saude.jpg,https://melindaejulius.com.br,Vegetariano,
119417,CAP REATIVA CARVAO ATIVADO 60CAPS,Vegetariano | Reativa Carvao Ativado | Embalagem: 60CAPS,in stock,new,31.65 BRL,Melinda & Julius,Suplementos & Saúde,https://raw.githubusercontent.com/thewatermouse/melindaejulius/main/assets/placeholders/suplementos_saude.jpg,https://melindaejulius.com.br,Vegetariano,
118608,CAP TIBIRICA GUARANA 60CAPS,Vegetariano | Guarana | Marca: Tibirica | Embalagem: 60CAPS,in stock,new,34.90 BRL,Tibirica,Suplementos & Saúde,https://raw.githubusercontent.com/thewatermouse/melindaejulius/main/assets/placeholders/suplementos_saude.jpg,https://melindaejulius.com.br,Vegetariano,
117990,CAP ESSENCIALBIO SAW PALMETTO 60CAPS,Vegetariano | Saw Palmetto | Marca: Essencialbio | Embalagem: 60CAPS,in stock,new,34.90 BRL,Essencialbio,Suplementos & Saúde,https://raw.githubusercontent.com/thewatermouse/melindaejulius/main/assets/placeholders/suplementos_saude.jpg,https://melindaejulius.com.br,Vegetariano,
107974,COMPOSTO PONLEE MEL 135G,Vegetariano | Mel | Marca: Ponlee | Embalagem: 135G,in stock,new,36.40 BRL,Ponlee,Suplementos & Saúde,https://raw.githubusercontent.com/thewatermouse/melindaejulius/main/assets/placeholders/suplementos_saude.jpg,https://melindaejulius.com.br,Vegetariano,
119648,CAP COPRA OLEO COCO 60CAPS,Vegetariano | Oleo Coco | Marca: Copra | Embalagem: 60CAPS,in stock,new,36.80 BRL,Copra,Suplementos & Saúde,https://raw.githubusercontent.com/thewatermouse/melindaejulius/main/assets/placeholders/suplementos_saude.jpg,https://melindaejulius.com.br,Vegetariano,
118881,CAP LANDERLABS MUCUNA 60CAPS,Vegetariano | Mucuna | Marca: Landerlabs | Embalagem: 60CAPS,in stock,new,38.20 BRL,Landerlabs,Suplementos & Saúde,https://raw.githubusercontent.com/thewatermouse/melindaejulius/main/assets/placeholders/suplementos_saude.jpg,https://melindaejulius.com.br,Vegetariano,
116465,GUARANA TIBIRICA 70G,Vegetariano | Marca: Tibirica | Embalagem: 70G,in stock,new,38.75 BRL,Tibirica,Suplementos & Saúde,https://raw.githubusercontent.com/thewatermouse/melindaejulius/main/assets/placeholders/suplementos_saude.jpg,https://melindaejulius.com.br,Vegetariano,
108776,INCENSO ANANDA LIMPEZA CRAVO CANELA 9UN,Limpeza Cravo Canela | Marca: Ananda | Embalagem: 9UN,in stock,new,13.40 BRL,Ananda,Incensos & Aromas,https://raw.githubusercontent.com/thewatermouse/melindaejulius/main/assets/placeholders/incensos_aromas.jpg,https://melindaejulius.com.br,,
108477,INCENSO ANANDA PURIFICADOR MAKOTO,Purificador Makoto | Marca: Ananda,in stock,new,13.40 BRL,Ananda,Incensos & Aromas,https://raw.githubusercontent.com/thewatermouse/melindaejulius/main/assets/placeholders/incensos_aromas.jpg,https://melindaejulius.com.br,,
108469,INCENSO ANANDA TUBO RELAXAMENTO,Tubo Relaxamento | Marca: Ananda,in stock,new,13.40 BRL,Ananda,Incensos & Aromas,https://raw.githubusercontent.com/thewatermouse/melindaejulius/main/assets/placeholders/incensos_aromas.jpg,https://melindaejulius.com.br,,
108481,INCENSO ANANDA CHAKRAS RELAXAMENTO,Chakras Relaxamento | Marca: Ananda,in stock,new,13.40 BRL,Ananda,Incensos & Aromas,https://raw.githubusercontent.com/thewatermouse/melindaejulius/main/assets/placeholders/incensos_aromas.jpg,https://melindaejulius.com.br,,
108484,INCENSO ANANDA PURIFICADOR SETE ERVAS,Purificador Sete Ervas | Marca: Ananda,in stock,new,13.40 BRL,Ananda,Incensos & Aromas,https://raw.githubusercontent.com/thewatermouse/melindaejulius/main/assets/placeholders/incensos_aromas.jpg,https://melindaejulius.com.br,,
114056,INCENSO ANANDA PURIFICADOR SANDALO,Purificador Sandalo | Marca: Ananda,in stock,new,13.40 BRL,Ananda,Incensos & Aromas,https://raw.githubusercontent.com/thewatermouse/melindaejulius/main/assets/placeholders/incensos_aromas.jpg,https://melindaejulius.com.br,,
108701,INCENSO ANANDA PURIFICADOR ALFAZEMA,Purificador Alfazema | Marca: Ananda,in stock,new,13.40 BRL,Ananda,Incensos & Aromas,https://raw.githubusercontent.com/thewatermouse/melindaejulius/main/assets/placeholders/incensos_aromas.jpg,https://melindaejulius.com.br,,
115129,INCENSO ANANDA PURIFICADOR ABRE CAMINHOS,Purificador Abre Caminhos | Marca: Ananda,in stock,new,13.40 BRL,Ananda,Incensos & Aromas,https://raw.githubusercontent.com/thewatermouse/melindaejulius/main/assets/placeholders/incensos_aromas.jpg,https://melindaejulius.com.br,,
114067,INCENSO ANANDA PURIFICADOR CANELA,Purificador Canela | Marca: Ananda,in stock,new,13.40 BRL,Ananda,Incensos & Aromas,https://raw.githubusercontent.com/thewatermouse/melindaejulius/main/assets/placeholders/incensos_aromas.jpg,https://melindaejulius.com.br,,
104612,INCENSO ANANDA TUBO PALO SANTO LAVANDA,Tubo Palo Santo Lavanda | Marca: Ananda,in stock,new,13.40 BRL,Ananda,Incensos & Aromas,https://raw.githubusercontent.com/thewatermouse/melindaejulius/main/assets/placeholders/incensos_aromas.jpg,https://melindaejulius.com.br,,
108486,INCENSO ANANDA TUBO NATURAL,Tubo Natural | Marca: Ananda,in stock,new,13.40 BRL,Ananda,Incensos & Aromas,https://raw.githubusercontent.com/thewatermouse/melindaejulius/main/assets/placeholders/incensos_aromas.jpg,https://melindaejulius.com.br,,
108704,INCENSO ANANDA PURIFICADOR LUZ VIOLETA,Purificador Luz Violeta | Marca: Ananda,in stock,new,13.40 BRL,Ananda,Incensos & Aromas,https://raw.githubusercontent.com/thewatermouse/melindaejulius/main/assets/placeholders/incensos_aromas.jpg,https://melindaejulius.com.br,,
115791,INCENSO ANANDA PREMIUM PALO SANTO,Premium Palo Santo | Marca: Ananda,in stock,new,13.40 BRL,Ananda,Incensos & Aromas,https://raw.githubusercontent.com/thewatermouse/melindaejulius/main/assets/placeholders/incensos_aromas.jpg,https://melindaejulius.com.br,,
108487,INCENSO ANANDA ASHTAR,Ashtar | Marca: Ananda,in stock,new,13.40 BRL,Ananda,Incensos & Aromas,https://raw.githubusercontent.com/thewatermouse/melindaejulius/main/assets/placeholders/incensos_aromas.jpg,https://melindaejulius.com.br,,
104605,INCENSO ANANDA TUBO SALVIA GUINE,Tubo Salvia Guine | Marca: Ananda,in stock,new,13.40 BRL,Ananda,Incensos & Aromas,https://raw.githubusercontent.com/thewatermouse/melindaejulius/main/assets/placeholders/incensos_aromas.jpg,https://melindaejulius.com.br,,
114068,INCENSO ANANDA PREMIUM OLIBANO,Premium Olibano | Marca: Ananda,in stock,new,13.40 BRL,Ananda,Incensos & Aromas,https://raw.githubusercontent.com/thewatermouse/melindaejulius/main/assets/placeholders/incensos_aromas.jpg,https://melindaejulius.com.br,,
104608,INCENSO ANANDA TUBO CINNNAMON,Tubo Cinnnamon | Marca: Ananda,in stock,new,13.40 BRL,Ananda,Incensos & Aromas,https://raw.githubusercontent.com/thewatermouse/melindaejulius/main/assets/placeholders/incensos_aromas.jpg,https://melindaejulius.com.br,,
119606,INCENSO ANANDA PURIFICADOR SALVIA,Purificador Salvia | Marca: Ananda,in stock,new,13.40 BRL,Ananda,Incensos & Aromas,https://raw.githubusercontent.com/thewatermouse/melindaejulius/main/assets/placeholders/incensos_aromas.jpg,https://melindaejulius.com.br,,
119605,INCENSO ANANDA PREMIUM SEIVAS NATURAIS,Premium Seivas Naturais | Marca: Ananda,in stock,new,13.40 BRL,Ananda,Incensos & Aromas,https://raw.githubusercontent.com/thewatermouse/melindaejulius/main/assets/placeholders/incensos_aromas.jpg,https://melindaejulius.com.br,,
108478,INCENSO ANANDA PURIFICADOR ROSAS,Purificador Rosas | Marca: Ananda,in stock,new,13.40 BRL,Ananda,Incensos & Aromas,https://raw.githubusercontent.com/thewatermouse/melindaejulius/main/assets/placeholders/incensos_aromas.jpg,https://melindaejulius.com.br,,
104686,INCENSO INCA MATRISTICA DEUSAS 4UN,Matristica Deusas | Marca: Inca | Embalagem: 4UN,in stock,new,14.95 BRL,Inca,Incensos & Aromas,https://raw.githubusercontent.com/thewatermouse/melindaejulius/main/assets/placeholders/incensos_aromas.jpg,https://melindaejulius.com.br,,
118354,INCENSO INCA MATRISTICA 7ERVAS 4UN,Matristica 7Ervas | Marca: Inca | Embalagem: 4UN,in stock,new,14.95 BRL,Inca,Incensos & Aromas,https://raw.githubusercontent.com/thewatermouse/melindaejulius/main/assets/placeholders/incensos_aromas.jpg,https://melindaejulius.com.br,,
112988,INCENSO INCA ALQUIMIA JASMINE MANDARIM 4UN,Alquimia Jasmine Mandarim | Marca: Inca | Embalagem: 4UN,in stock,new,14.95 BRL,Inca,Incensos & Aromas,https://raw.githubusercontent.com/thewatermouse/melindaejulius/main/assets/placeholders/incensos_aromas.jpg,https://melindaejulius.com.br,,
118503,INCENSO INCA ALQUIMIA CITRONELA 4UN,Alquimia Citronela | Marca: Inca | Embalagem: 4UN,in stock,new,14.95 BRL,Inca,Incensos & Aromas,https://raw.githubusercontent.com/thewatermouse/melindaejulius/main/assets/placeholders/incensos_aromas.jpg,https://melindaejulius.com.br,,
118502,INCENSO INCA ALQUIMIA MACA 4UN,Alquimia Maca | Marca: Inca | Embalagem: 4UN,in stock,new,14.95 BRL,Inca,Incensos & Aromas,https://raw.githubusercontent.com/thewatermouse/melindaejulius/main/assets/placeholders/incensos_aromas.jpg,https://melindaejulius.com.br,,
112982,INCENSO INCA ALQUIMIA MARACUJA 4UN,Alquimia Maracuja | Marca: Inca | Embalagem: 4UN,in stock,new,14.95 BRL,Inca,Incensos & Aromas,https://raw.githubusercontent.com/thewatermouse/melindaejulius/main/assets/placeholders/incensos_aromas.jpg,https://melindaejulius.com.br,,
115255,CREME NOT LEITE 200ML,Leite | Marca: Not | Embalagem: 200ML,in stock,new,6.65 BRL,Not,Cosméticos & Higiene,https://raw.githubusercontent.com/thewatermouse/melindaejulius/main/assets/placeholders/cosmeticos_higiene.jpg,https://melindaejulius.com.br,,
114155,DENTAL CARE PETVEGAN MACA ESPINAFRE MENTA 150G,Maca Espinafre Menta | Marca: Petvegan | Embalagem: 150G,in stock,new,21.50 BRL,Petvegan,Cosméticos & Higiene,https://raw.githubusercontent.com/thewatermouse/melindaejulius/main/assets/placeholders/cosmeticos_higiene.jpg,https://melindaejulius.com.br,Vegano,
119110,CREME DENTAL BONI HORTELA CURCUMA 90G,Hortela Curcuma | Marca: Boni | Embalagem: 90G,in stock,new,24.90 BRL,Boni,Cosméticos & Higiene,https://raw.githubusercontent.com/thewatermouse/melindaejulius/main/assets/placeholders/cosmeticos_higiene.jpg,https://melindaejulius.com.br,,
117383,DESODORANTE SUAVETEX CAMOMILA 120ML,Camomila | Marca: Suavetex | Embalagem: 120ML,in stock,new,29.70 BRL,Suavetex,Cosméticos & Higiene,https://raw.githubusercontent.com/thewatermouse/melindaejulius/main/assets/placeholders/cosmeticos_higiene.jpg,https://melindaejulius.com.br,,
118546,CREME DENTAL SUAVETEX CBA 80G,Cba | Marca: Suavetex | Embalagem: 80G,in stock,new,29.90 BRL,Suavetex,Cosméticos & Higiene,https://raw.githubusercontent.com/thewatermouse/melindaejulius/main/assets/placeholders/cosmeticos_higiene.jpg,https://melindaejulius.com.br,,
116753,HIDRATANTE LABIAL ON SUAVETEX 10G,Marca: Suavetex | Embalagem: 10G,in stock,new,33.20 BRL,Suavetex,Cosméticos & Higiene,https://raw.githubusercontent.com/thewatermouse/melindaejulius/main/assets/placeholders/cosmeticos_higiene.jpg,https://melindaejulius.com.br,,
117912,HIGIENIZANTE BUCAL LIVEALOE 250ML,Marca: Livealoe | Embalagem: 250ML,in stock,new,43.10 BRL,Livealoe,Cosméticos & Higiene,https://raw.githubusercontent.com/thewatermouse/melindaejulius/main/assets/placeholders/cosmeticos_higiene.jpg,https://melindaejulius.com.br,,
117386,CONDICIONADOR SUAVETEX COCO ARGAN 200ML,Coco Argan | Marca: Suavetex | Embalagem: 200ML,in stock,new,45.95 BRL,Suavetex,Cosméticos & Higiene,https://raw.githubusercontent.com/thewatermouse/melindaejulius/main/assets/placeholders/cosmeticos_higiene.jpg,https://melindaejulius.com.br,,
114851,DESODORANTE PHYTO HILL 60ML,Hill | Marca: Phyto | Embalagem: 60ML,in stock,new,47.60 BRL,Phyto,Cosméticos & Higiene,https://raw.githubusercontent.com/thewatermouse/melindaejulius/main/assets/placeholders/cosmeticos_higiene.jpg,https://melindaejulius.com.br,,
115384,ELIXIR CAPILAR WNF RAIZES FORTES 30ML,Raizes Fortes | Marca: Wnf | Embalagem: 30ML,in stock,new,48.60 BRL,Wnf,Cosméticos & Higiene,https://raw.githubusercontent.com/thewatermouse/melindaejulius/main/assets/placeholders/cosmeticos_higiene.jpg,https://melindaejulius.com.br,,
117241,DESODORANTE LIVEALOE ALOE GERANIO 120ML,Aloe Geranio | Marca: Livealoe | Embalagem: 120ML,in stock,new,50.30 BRL,Livealoe,Cosméticos & Higiene,https://raw.githubusercontent.com/thewatermouse/melindaejulius/main/assets/placeholders/cosmeticos_higiene.jpg,https://melindaejulius.com.br,,
117117,DESODORANTE LIVEALOE ALOE COPAIBA 120ML,Aloe Copaiba | Marca: Livealoe | Embalagem: 120ML,in stock,new,50.30 BRL,Livealoe,Cosméticos & Higiene,https://raw.githubusercontent.com/thewatermouse/melindaejulius/main/assets/placeholders/cosmeticos_higiene.jpg,https://melindaejulius.com.br,,
117401,DESODORANTE LIVEALOE ALOE SEM PREFUME 120ML,Aloe Sem Prefume | Marca: Livealoe | Embalagem: 120ML,in stock,new,51.75 BRL,Livealoe,Cosméticos & Higiene,https://raw.githubusercontent.com/thewatermouse/melindaejulius/main/assets/placeholders/cosmeticos_higiene.jpg,https://melindaejulius.com.br,,
117038,LEAVEIN LIVEALOE FRUTAS 210ML,Frutas | Marca: Livealoe | Embalagem: 210ML,in stock,new,53.75 BRL,Livealoe,Cosméticos & Higiene,https://raw.githubusercontent.com/thewatermouse/melindaejulius/main/assets/placeholders/cosmeticos_higiene.jpg,https://melindaejulius.com.br,,
119844,CREME LIVEALOE PES PERNAS 100G,Pes Pernas | Marca: Livealoe | Embalagem: 100G,in stock,new,54.60 BRL,Livealoe,Cosméticos & Higiene,https://raw.githubusercontent.com/thewatermouse/melindaejulius/main/assets/placeholders/cosmeticos_higiene.jpg,https://melindaejulius.com.br,,
119843,CREME LIVEALOE MAOS UNHAS 100G,Maos Unhas | Marca: Livealoe | Embalagem: 100G,in stock,new,55.80 BRL,Livealoe,Cosméticos & Higiene,https://raw.githubusercontent.com/thewatermouse/melindaejulius/main/assets/placeholders/cosmeticos_higiene.jpg,https://melindaejulius.com.br,,
119845,GELALOE CURCUMA LIVEALOE 100G,Marca: Livealoe | Embalagem: 100G,in stock,new,57.20 BRL,Livealoe,Cosméticos & Higiene,https://raw.githubusercontent.com/thewatermouse/melindaejulius/main/assets/placeholders/cosmeticos_higiene.jpg,https://melindaejulius.com.br,,
114282,CONDICIONADOR LIVEALOE ALOE MANGA 200ML,Aloe Manga | Marca: Livealoe | Embalagem: 200ML,in stock,new,57.90 BRL,Livealoe,Cosméticos & Higiene,https://raw.githubusercontent.com/thewatermouse/melindaejulius/main/assets/placeholders/cosmeticos_higiene.jpg,https://melindaejulius.com.br,,
117805,BISCOITO MRTASTE ARROZ CHOCOLATE 22G,Vegetariano | Mrtaste Arroz Chocolate | Embalagem: 22G,in stock,new,4.95 BRL,Melinda & Julius,Biscoitos & Crackers,https://raw.githubusercontent.com/thewatermouse/melindaejulius/main/assets/placeholders/biscoitos_crackers.jpg,https://melindaejulius.com.br,Vegetariano,
112022,BISCOITO POLVILHO CRILANCHA BETERRABA 20G,Vegetariano | Beterraba | Marca: Crilancha | Embalagem: 20G,in stock,new,5.30 BRL,Crilancha,Biscoitos & Crackers,https://raw.githubusercontent.com/thewatermouse/melindaejulius/main/assets/placeholders/biscoitos_crackers.jpg,https://melindaejulius.com.br,Vegetariano,
108742,BISCOITO LOWCUCAR LEITE 95G,Vegetariano | Leite | Marca: Lowcucar | Embalagem: 95G,in stock,new,7.95 BRL,Lowcucar,Biscoitos & Crackers,https://raw.githubusercontent.com/thewatermouse/melindaejulius/main/assets/placeholders/biscoitos_crackers.jpg,https://melindaejulius.com.br,Vegetariano,
118576,BISCOITO NATURALLIFE ARROZ RECHEADO AMENDOIM 40G,Vegetariano | Arroz Recheado Amendoim | Marca: Naturallife | Embalagem: 40G,in stock,new,8.55 BRL,Naturallife,Biscoitos & Crackers,https://raw.githubusercontent.com/thewatermouse/melindaejulius/main/assets/placeholders/biscoitos_crackers.jpg,https://melindaejulius.com.br,Vegetariano,
112361,BISCOITO MINNAS ROSCA NATA 90G,Vegetariano | Rosca Nata | Marca: Minnas | Embalagem: 90G,in stock,new,9.80 BRL,Minnas,Biscoitos & Crackers,https://raw.githubusercontent.com/thewatermouse/melindaejulius/main/assets/placeholders/biscoitos_crackers.jpg,https://melindaejulius.com.br,Vegetariano,
117855,BISCOITO NATURALLIFE MAIZENA 112G,Vegetariano | Maizena | Marca: Naturallife | Embalagem: 112G,in stock,new,10.25 BRL,Naturallife,Biscoitos & Crackers,https://raw.githubusercontent.com/thewatermouse/melindaejulius/main/assets/placeholders/biscoitos_crackers.jpg,https://melindaejulius.com.br,Vegetariano,
116798,BISCOITO ARROZ FITFOOD 90G,Vegetariano | Marca: Fitfood | Embalagem: 90G,in stock,new,10.45 BRL,Fitfood,Biscoitos & Crackers,https://raw.githubusercontent.com/thewatermouse/melindaejulius/main/assets/placeholders/biscoitos_crackers.jpg,https://melindaejulius.com.br,Vegetariano,
113809,BISCOITO LOWCUCAR MAIZENA CHOCOLATE 150G,Vegetariano | Maizena Chocolate | Marca: Lowcucar | Embalagem: 150G,in stock,new,11.45 BRL,Lowcucar,Biscoitos & Crackers,https://raw.githubusercontent.com/thewatermouse/melindaejulius/main/assets/placeholders/biscoitos_crackers.jpg,https://melindaejulius.com.br,Vegetariano,
116367,BISCOITO ARROZ CAMIL CHIA 150G,Vegetariano | Chia | Marca: Camil | Embalagem: 150G,in stock,new,11.60 BRL,Camil,Biscoitos & Crackers,https://raw.githubusercontent.com/thewatermouse/melindaejulius/main/assets/placeholders/biscoitos_crackers.jpg,https://melindaejulius.com.br,Vegetariano,
108850,BISCOITO DUCEU ALHO AVEIA 90G,Vegetariano | Alho Aveia | Marca: Duceu | Embalagem: 90G,in stock,new,12.50 BRL,Duceu,Biscoitos & Crackers,https://raw.githubusercontent.com/thewatermouse/melindaejulius/main/assets/placeholders/biscoitos_crackers.jpg,https://melindaejulius.com.br,Vegetariano,
107367,BISCOITO DUCEU AVEIA PASSAS 100G,Vegetariano | Aveia Passas | Marca: Duceu | Embalagem: 100G,in stock,new,12.50 BRL,Duceu,Biscoitos & Crackers,https://raw.githubusercontent.com/thewatermouse/melindaejulius/main/assets/placeholders/biscoitos_crackers.jpg,https://melindaejulius.com.br,Vegetariano,
119903,BISCOITO NATURALLIFE MAIZENA CHOCOLATE 112G,Vegetariano | Maizena Chocolate | Marca: Naturallife | Embalagem: 112G,in stock,new,12.50 BRL,Naturallife,Biscoitos & Crackers,https://raw.githubusercontent.com/thewatermouse/melindaejulius/main/assets/placeholders/biscoitos_crackers.jpg,https://melindaejulius.com.br,Vegetariano,
108840,BISCOITO DUCEU LINHACA 90G,Vegetariano | Linhaca | Marca: Duceu | Embalagem: 90G,in stock,new,12.50 BRL,Duceu,Biscoitos & Crackers,https://raw.githubusercontent.com/thewatermouse/melindaejulius/main/assets/placeholders/biscoitos_crackers.jpg,https://melindaejulius.com.br,Vegetariano,
107319,BISCOITO DUCEU CACAU 100G,Vegetariano | Cacau | Marca: Duceu | Embalagem: 100G,in stock,new,12.50 BRL,Duceu,Biscoitos & Crackers,https://raw.githubusercontent.com/thewatermouse/melindaejulius/main/assets/placeholders/biscoitos_crackers.jpg,https://melindaejulius.com.br,Vegetariano,
105913,COOKIE KANAZAWA COCO 150G,Vegetariano | Coco | Marca: Kanazawa | Embalagem: 150G,in stock,new,13.60 BRL,Kanazawa,Biscoitos & Crackers,https://raw.githubusercontent.com/thewatermouse/melindaejulius/main/assets/placeholders/biscoitos_crackers.jpg,https://melindaejulius.com.br,Vegetariano,
110088,BISCOITO DUCEU SEM GLUTEN LINHACA 70G,Vegetariano · Sem Glúten | Sem Gluten Linhaca | Marca: Duceu | Embalagem: 70G,in stock,new,13.85 BRL,Duceu,Biscoitos & Crackers,https://raw.githubusercontent.com/thewatermouse/melindaejulius/main/assets/placeholders/biscoitos_crackers.jpg,https://melindaejulius.com.br,Sem Gluten,Vegetariano
109350,BISCOITO DUCEU SEM GLUTEN CACAU 70G,Vegetariano · Sem Glúten | Sem Gluten Cacau | Marca: Duceu | Embalagem: 70G,in stock,new,13.85 BRL,Duceu,Biscoitos & Crackers,https://raw.githubusercontent.com/thewatermouse/melindaejulius/main/assets/placeholders/biscoitos_crackers.jpg,https://melindaejulius.com.br,Sem Gluten,Vegetariano
109045,CRACKER NATURALLIFE PAPRICA 84G,Vegetariano | Paprica | Marca: Naturallife | Embalagem: 84G,in stock,new,14.30 BRL,Naturallife,Biscoitos & Crackers,https://raw.githubusercontent.com/thewatermouse/melindaejulius/main/assets/placeholders/biscoitos_crackers.jpg,https://melindaejulius.com.br,Vegetariano,
109215,COOKIE JASMINE SEM GLUTEN CASTANHA PARA 150G,Vegetariano · Sem Glúten | Sem Gluten Castanha Para | Marca: Jasmine | Embalagem: 150G,in stock,new,14.30 BRL,Jasmine,Biscoitos & Crackers,https://raw.githubusercontent.com/thewatermouse/melindaejulius/main/assets/placeholders/biscoitos_crackers.jpg,https://melindaejulius.com.br,Sem Gluten,Vegetariano
116133,BISCOITO ARROZ FITFOOD CHOCOLATE AMARGO 70G,Vegetariano | Chocolate Amargo | Marca: Fitfood | Embalagem: 70G,in stock,new,14.30 BRL,Fitfood,Biscoitos & Crackers,https://raw.githubusercontent.com/thewatermouse/melindaejulius/main/assets/placeholders/biscoitos_crackers.jpg,https://melindaejulius.com.br,Vegetariano,
105171,EXTRATO SOJA CASAFORTE 300G,Vegetariano | Marca: Casaforte | Embalagem: 300G,in stock,new,7.80 BRL,Casaforte,Molhos & Condimentos,https://raw.githubusercontent.com/thewatermouse/melindaejulius/main/assets/placeholders/molhos_condimentos.jpg,https://melindaejulius.com.br,Vegetariano,
105743,KETCHUP JATOBA PICANTE 250ML,Vegetariano | Picante | Marca: Jatoba | Embalagem: 250ML,in stock,new,24.90 BRL,Jatoba,Molhos & Condimentos,https://raw.githubusercontent.com/thewatermouse/melindaejulius/main/assets/placeholders/molhos_condimentos.jpg,https://melindaejulius.com.br,Vegetariano,
107333,EXTRATO BAUNILHA VALESO 30ML,Vegetariano | Marca: Valeso | Embalagem: 30ML,in stock,new,44.90 BRL,Valeso,Molhos & Condimentos,https://raw.githubusercontent.com/thewatermouse/melindaejulius/main/assets/placeholders/molhos_condimentos.jpg,https://melindaejulius.com.br,Vegetariano,
117895,MOLHO PIMENTA JATOBA CUMARI 45ML,Vegetariano | Cumari | Marca: Jatoba | Embalagem: 45ML | 💬 Preço a consultar — mande mensagem!,in stock,new,,Jatoba,Molhos & Condimentos,https://raw.githubusercontent.com/thewatermouse/melindaejulius/main/assets/placeholders/molhos_condimentos.jpg,https://melindaejulius.com.br,Vegetariano,
119272,MOLHO PIMENTA JATOBA TUCUPI 45ML,Vegetariano | Tucupi | Marca: Jatoba | Embalagem: 45ML | 💬 Preço a consultar — mande mensagem!,in stock,new,,Jatoba,Molhos & Condimentos,https://raw.githubusercontent.com/thewatermouse/melindaejulius/main/assets/placeholders/molhos_condimentos.jpg,https://melindaejulius.com.br,Vegetariano,
111782,MOLHO PIMENTA JATOBA CHILI 45ML,Vegetariano | Chili | Marca: Jatoba | Embalagem: 45ML | 💬 Preço a consultar — mande mensagem!,in stock,new,,Jatoba,Molhos & Condimentos,https://raw.githubusercontent.com/thewatermouse/melindaejulius/main/assets/placeholders/molhos_condimentos.jpg,https://melindaejulius.com.br,Vegetariano,
119273,MOLHO PIMENTA JATOBA CACHACA 45ML,Vegetariano | Cachaca | Marca: Jatoba | Embalagem: 45ML | 💬 Preço a consultar — mande mensagem!,in stock,new,,Jatoba,Molhos & Condimentos,https://raw.githubusercontent.com/thewatermouse/melindaejulius/main/assets/placeholders/molhos_condimentos.jpg,https://melindaejulius.com.br,Vegetariano,
111779,MOLHO PIMENTA JATOBA JALAPENO 45ML,Vegetariano | Jalapeno | Marca: Jatoba | Embalagem: 45ML | 💬 Preço a consultar — mande mensagem!,in stock,new,,Jatoba,Molhos & Condimentos,https://raw.githubusercontent.com/thewatermouse/melindaejulius/main/assets/placeholders/molhos_condimentos.jpg,https://melindaejulius.com.br,Vegetariano,
111780,MOLHO PIMENTA JATOBA MALAGUETA 45ML,Vegetariano | Malagueta | Marca: Jatoba | Embalagem: 45ML | 💬 Preço a consultar — mande mensagem!,in stock,new,,Jatoba,Molhos & Condimentos,https://raw.githubusercontent.com/thewatermouse/melindaejulius/main/assets/placeholders/molhos_condimentos.jpg,https://melindaejulius.com.br,Vegetariano,
117893,MOLHO PIMENTA JATOBA HABANERO 45ML,Vegetariano | Habanero | Marca: Jatoba | Embalagem: 45ML | 💬 Preço a consultar — mande mensagem!,in stock,new,,Jatoba,Molhos & Condimentos,https://raw.githubusercontent.com/thewatermouse/melindaejulius/main/assets/placeholders/molhos_condimentos.jpg,https://melindaejulius.com.br,Vegetariano,
117251,MOLHO PIMENTA JATOBA GINGER CHILI 50ML,Vegetariano | Ginger Chili | Marca: Jatoba | Embalagem: 50ML | 💬 Preço a consultar — mande mensagem!,in stock,new,,Jatoba,Molhos & Condimentos,https://raw.githubusercontent.com/thewatermouse/melindaejulius/main/assets/placeholders/molhos_condimentos.jpg,https://melindaejulius.com.br,Vegetariano,
118679,MOLHO PIMENTA JATOBA CAMBUCI 50ML,Vegetariano | Cambuci | Marca: Jatoba | Embalagem: 50ML | 💬 Preço a consultar — mande mensagem!,in stock,new,,Jatoba,Molhos & Condimentos,https://raw.githubusercontent.com/thewatermouse/melindaejulius/main/assets/placeholders/molhos_condimentos.jpg,https://melindaejulius.com.br,Vegetariano,
111781,MOLHO PIMENTA JATOBA VERMELHA 50ML,Vegetariano | Vermelha | Marca: Jatoba | Embalagem: 50ML | 💬 Preço a consultar — mande mensagem!,in stock,new,,Jatoba,Molhos & Condimentos,https://raw.githubusercontent.com/thewatermouse/melindaejulius/main/assets/placeholders/molhos_condimentos.jpg,https://melindaejulius.com.br,Vegetariano,
117252,MOLHO PIMENTA JATOBA BIQUINHO 50ML,Vegetariano | Biquinho | Marca: Jatoba | Embalagem: 50ML | 💬 Preço a consultar — mande mensagem!,in stock,new,,Jatoba,Molhos & Condimentos,https://raw.githubusercontent.com/thewatermouse/melindaejulius/main/assets/placeholders/molhos_condimentos.jpg,https://melindaejulius.com.br,Vegetariano,
118557,MOLHO PIMENTA JATOBA MARACUJA 50ML,Vegetariano | Maracuja | Marca: Jatoba | Embalagem: 50ML | 💬 Preço a consultar — mande mensagem!,in stock,new,,Jatoba,Molhos & Condimentos,https://raw.githubusercontent.com/thewatermouse/melindaejulius/main/assets/placeholders/molhos_condimentos.jpg,https://melindaejulius.com.br,Vegetariano,
117894,MOLHO PIMENTA JATOBA INDIAN CHILI 50ML,Vegetariano | Indian Chili | Marca: Jatoba | Embalagem: 50ML | 💬 Preço a consultar — mande mensagem!,in stock,new,,Jatoba,Molhos & Condimentos,https://raw.githubusercontent.com/thewatermouse/melindaejulius/main/assets/placeholders/molhos_condimentos.jpg,https://melindaejulius.com.br,Vegetariano,
117552,MOLHO BALSAMICO JATOBA 50ML,Vegetariano | Marca: Jatoba | Embalagem: 50ML | 💬 Preço a consultar — mande mensagem!,in stock,new,,Jatoba,Molhos & Condimentos,https://raw.githubusercontent.com/thewatermouse/melindaejulius/main/assets/placeholders/molhos_condimentos.jpg,https://melindaejulius.com.br,Vegetariano,
117576,SHOYU MNFOOD TRADICIONAL 150ML,Vegetariano | Tradicional | Marca: Mnfood | Embalagem: 150ML | 💬 Preço a consultar — mande mensagem!,in stock,new,,Mnfood,Molhos & Condimentos,https://raw.githubusercontent.com/thewatermouse/melindaejulius/main/assets/placeholders/molhos_condimentos.jpg,https://melindaejulius.com.br,Vegetariano,
118821,SHOYU MNFOOD SUAVE 150ML,Vegetariano | Suave | Marca: Mnfood | Embalagem: 150ML | 💬 Preço a consultar — mande mensagem!,in stock,new,,Mnfood,Molhos & Condimentos,https://raw.githubusercontent.com/thewatermouse/melindaejulius/main/assets/placeholders/molhos_condimentos.jpg,https://melindaejulius.com.br,Vegetariano,
115474,MOLHO KENKO INGLES 150ML,Vegetariano | Kenko Ingles | Embalagem: 150ML | 💬 Preço a consultar — mande mensagem!,in stock,new,,Melinda & Julius,Molhos & Condimentos,https://raw.githubusercontent.com/thewatermouse/melindaejulius/main/assets/placeholders/molhos_condimentos.jpg,https://melindaejulius.com.br,Vegetariano,
115668,SHOYU COCO COPRA 150ML,Vegetariano | Marca: Copra | Embalagem: 150ML | 💬 Preço a consultar — mande mensagem!,in stock,new,,Copra,Molhos & Condimentos,https://raw.githubusercontent.com/thewatermouse/melindaejulius/main/assets/placeholders/molhos_condimentos.jpg,https://melindaejulius.com.br,Vegetariano,
118340,SHOYU MNFOOD LIGHT 150ML,Vegetariano | Light | Marca: Mnfood | Embalagem: 150ML | 💬 Preço a consultar — mande mensagem!,in stock,new,,Mnfood,Molhos & Condimentos,https://raw.githubusercontent.com/thewatermouse/melindaejulius/main/assets/placeholders/molhos_condimentos.jpg,https://melindaejulius.com.br,Vegetariano,
108684,CHA CHAMEL TOMILHO 30G,Vegetariano | Tomilho | Marca: Chamel | Embalagem: 30G,in stock,new,5.40 BRL,Chamel,Chás & Infusões,https://raw.githubusercontent.com/thewatermouse/melindaejulius/main/assets/placeholders/chas_infusoes.jpg,https://melindaejulius.com.br,Vegetariano,
112365,CHA CHAMEL ERVA BALEEIRA 30G,Vegetariano | Erva Baleeira | Marca: Chamel | Embalagem: 30G,in stock,new,5.75 BRL,Chamel,Chás & Infusões,https://raw.githubusercontent.com/thewatermouse/melindaejulius/main/assets/placeholders/chas_infusoes.jpg,https://melindaejulius.com.br,Vegetariano,
117342,CHA CHAMEL OLIVEIRA 30G,Vegetariano | Oliveira | Marca: Chamel | Embalagem: 30G,in stock,new,5.95 BRL,Chamel,Chás & Infusões,https://raw.githubusercontent.com/thewatermouse/melindaejulius/main/assets/placeholders/chas_infusoes.jpg,https://melindaejulius.com.br,Vegetariano,
113905,CHA CHAMEL IPE ROXO 50G,Vegetariano | Ipe Roxo | Marca: Chamel | Embalagem: 50G,in stock,new,5.95 BRL,Chamel,Chás & Infusões,https://raw.githubusercontent.com/thewatermouse/melindaejulius/main/assets/placeholders/chas_infusoes.jpg,https://melindaejulius.com.br,Vegetariano,
112936,CHA CHAMEL ABACATEIRO 30G,Vegetariano | Abacateiro | Marca: Chamel | Embalagem: 30G,in stock,new,6.20 BRL,Chamel,Chás & Infusões,https://raw.githubusercontent.com/thewatermouse/melindaejulius/main/assets/placeholders/chas_infusoes.jpg,https://melindaejulius.com.br,Vegetariano,
105673,CHA CHAMEL PICAO PRETO 30G,Vegetariano | Picao Preto | Marca: Chamel | Embalagem: 30G,in stock,new,6.20 BRL,Chamel,Chás & Infusões,https://raw.githubusercontent.com/thewatermouse/melindaejulius/main/assets/placeholders/chas_infusoes.jpg,https://melindaejulius.com.br,Vegetariano,
116678,CHA CHAMEL SENE 30G,Vegetariano | Sene | Marca: Chamel | Embalagem: 30G,in stock,new,6.20 BRL,Chamel,Chás & Infusões,https://raw.githubusercontent.com/thewatermouse/melindaejulius/main/assets/placeholders/chas_infusoes.jpg,https://melindaejulius.com.br,Vegetariano,
114634,CHA CASAFORTE HIBISCUS 50G,Vegetariano | Hibiscus | Marca: Casaforte | Embalagem: 50G,in stock,new,6.30 BRL,Casaforte,Chás & Infusões,https://raw.githubusercontent.com/thewatermouse/melindaejulius/main/assets/placeholders/chas_infusoes.jpg,https://melindaejulius.com.br,Vegetariano,
105660,CHA CHAMEL DENTE DE LEAO 30G,Vegetariano | Dente De Leao | Marca: Chamel | Embalagem: 30G,in stock,new,6.40 BRL,Chamel,Chás & Infusões,https://raw.githubusercontent.com/thewatermouse/melindaejulius/main/assets/placeholders/chas_infusoes.jpg,https://melindaejulius.com.br,Vegetariano,
114680,CHA CHAMEL HORTELA 30G,Vegetariano | Hortela | Marca: Chamel | Embalagem: 30G,in stock,new,6.50 BRL,Chamel,Chás & Infusões,https://raw.githubusercontent.com/thewatermouse/melindaejulius/main/assets/placeholders/chas_infusoes.jpg,https://melindaejulius.com.br,Vegetariano,
117398,CHA CHAMEL PAU FERRO 30G,Vegetariano | Pau Ferro | Marca: Chamel | Embalagem: 30G,in stock,new,6.60 BRL,Chamel,Chás & Infusões,https://raw.githubusercontent.com/thewatermouse/melindaejulius/main/assets/placeholders/chas_infusoes.jpg,https://melindaejulius.com.br,Vegetariano,
119655,CHA CHAMEL FUCUS 30G,Vegetariano | Fucus | Marca: Chamel | Embalagem: 30G,in stock,new,6.95 BRL,Chamel,Chás & Infusões,https://raw.githubusercontent.com/thewatermouse/melindaejulius/main/assets/placeholders/chas_infusoes.jpg,https://melindaejulius.com.br,Vegetariano,
114826,CHA CHAMEL CAVALINHA 30G,Vegetariano | Cavalinha | Marca: Chamel | Embalagem: 30G,in stock,new,7.10 BRL,Chamel,Chás & Infusões,https://raw.githubusercontent.com/thewatermouse/melindaejulius/main/assets/placeholders/chas_infusoes.jpg,https://melindaejulius.com.br,Vegetariano,
117416,CHA CHAMEL AMORA BRANCA 30G,Vegetariano | Amora Branca | Marca: Chamel | Embalagem: 30G,in stock,new,7.10 BRL,Chamel,Chás & Infusões,https://raw.githubusercontent.com/thewatermouse/melindaejulius/main/assets/placeholders/chas_infusoes.jpg,https://melindaejulius.com.br,Vegetariano,
110964,CHA CHAMEL MULUNGU 50G,Vegetariano | Mulungu | Marca: Chamel | Embalagem: 50G,in stock,new,7.10 BRL,Chamel,Chás & Infusões,https://raw.githubusercontent.com/thewatermouse/melindaejulius/main/assets/placeholders/chas_infusoes.jpg,https://melindaejulius.com.br,Vegetariano,
117396,CHA CHAMEL UXI AMARELO 30G,Vegetariano | Uxi Amarelo | Marca: Chamel | Embalagem: 30G,in stock,new,7.50 BRL,Chamel,Chás & Infusões,https://raw.githubusercontent.com/thewatermouse/melindaejulius/main/assets/placeholders/chas_infusoes.jpg,https://melindaejulius.com.br,Vegetariano,
111284,AZEITE DENDE CEPERA 200ML,Vegetariano | Marca: Cepera | Embalagem: 200ML,in stock,new,19.70 BRL,Cepera,Óleos & Gorduras,https://raw.githubusercontent.com/thewatermouse/melindaejulius/main/assets/placeholders/oleos_gorduras.jpg,https://melindaejulius.com.br,Vegetariano,
118431,GHEE DOMAFONSO 200G,Vegetariano | Marca: Domafonso | Embalagem: 200G,in stock,new,30.85 BRL,Domafonso,Óleos & Gorduras,https://raw.githubusercontent.com/thewatermouse/melindaejulius/main/assets/placeholders/oleos_gorduras.jpg,https://melindaejulius.com.br,Vegetariano,
118674,GHEE DOMAFONSO FLOR SAL 200G,Vegetariano | Flor Sal | Marca: Domafonso | Embalagem: 200G,in stock,new,30.85 BRL,Domafonso,Óleos & Gorduras,https://raw.githubusercontent.com/thewatermouse/melindaejulius/main/assets/placeholders/oleos_gorduras.jpg,https://melindaejulius.com.br,Vegetariano,
109840,ACETO BALSAMICO LAPASTINA 500ML,Vegetariano | Marca: Lapastina | Embalagem: 500ML,in stock,new,37.10 BRL,Lapastina,Óleos & Gorduras,https://raw.githubusercontent.com/thewatermouse/melindaejulius/main/assets/placeholders/oleos_gorduras.jpg,https://melindaejulius.com.br,Vegetariano,
117005,GHEE YAMUNA 150G,Vegetariano | Marca: Yamuna | Embalagem: 150G,in stock,new,39.25 BRL,Yamuna,Óleos & Gorduras,https://raw.githubusercontent.com/thewatermouse/melindaejulius/main/assets/placeholders/oleos_gorduras.jpg,https://melindaejulius.com.br,Vegetariano,
111689,AZEITE PARAISOVERDE ABACATE 250ML,Vegetariano | Abacate | Marca: Paraisoverde | Embalagem: 250ML,in stock,new,46.90 BRL,Paraisoverde,Óleos & Gorduras,https://raw.githubusercontent.com/thewatermouse/melindaejulius/main/assets/placeholders/oleos_gorduras.jpg,https://melindaejulius.com.br,Vegetariano,
111392,AZEITE HASS AVOCADO SPRAY 128ML,Vegetariano | Avocado Spray | Marca: Hass | Embalagem: 128ML,in stock,new,48.40 BRL,Hass,Óleos & Gorduras,https://raw.githubusercontent.com/thewatermouse/melindaejulius/main/assets/placeholders/oleos_gorduras.jpg,https://melindaejulius.com.br,Vegetariano,
113852,CREMA BALSAMICO LAPASTINA 250ML,Vegetariano | Marca: Lapastina | Embalagem: 250ML,in stock,new,49.40 BRL,Lapastina,Óleos & Gorduras,https://raw.githubusercontent.com/thewatermouse/melindaejulius/main/assets/placeholders/oleos_gorduras.jpg,https://melindaejulius.com.br,Vegetariano,
111285,AZEITE GALLO VERMELHO 500ML,Vegetariano | Vermelho | Marca: Gallo | Embalagem: 500ML,in stock,new,49.60 BRL,Gallo,Óleos & Gorduras,https://raw.githubusercontent.com/thewatermouse/melindaejulius/main/assets/placeholders/oleos_gorduras.jpg,https://melindaejulius.com.br,Vegetariano,
114262,AZEITE LAPASTINA EXTRA VIRGEM 250ML,Vegetariano | Extra Virgem | Marca: Lapastina | Embalagem: 250ML,in stock,new,57.90 BRL,Lapastina,Óleos & Gorduras,https://raw.githubusercontent.com/thewatermouse/melindaejulius/main/assets/placeholders/oleos_gorduras.jpg,https://melindaejulius.com.br,Vegetariano,
114609,GHEE DAMODARA VIDRO 480G,Vegetariano | Vidro | Marca: Damodara | Embalagem: 480G,in stock,new,64.80 BRL,Damodara,Óleos & Gorduras,https://raw.githubusercontent.com/thewatermouse/melindaejulius/main/assets/placeholders/oleos_gorduras.jpg,https://melindaejulius.com.br,Vegetariano,
104766,AZEITE NATIVE ORGANICO 500ML,Vegetariano · Orgânico | Organico | Marca: Native | Embalagem: 500ML,in stock,new,107.90 BRL,Native,Óleos & Gorduras,https://raw.githubusercontent.com/thewatermouse/melindaejulius/main/assets/placeholders/oleos_gorduras.jpg,https://melindaejulius.com.br,Organico,Vegetariano
116112,OLEO WNF ESS OLIBANO 5ML,Vegetariano | Ess Olibano | Marca: Wnf | Embalagem: 5ML | 💬 Preço a consultar — mande mensagem!,in stock,new,,Wnf,Óleos & Gorduras,https://raw.githubusercontent.com/thewatermouse/melindaejulius/main/assets/placeholders/oleos_gorduras.jpg,https://melindaejulius.com.br,Vegetariano,
119077,OLEO WNF ESS TOMILHO 5ML,Vegetariano | Ess Tomilho | Marca: Wnf | Embalagem: 5ML | 💬 Preço a consultar — mande mensagem!,in stock,new,,Wnf,Óleos & Gorduras,https://raw.githubusercontent.com/thewatermouse/melindaejulius/main/assets/placeholders/oleos_gorduras.jpg,https://melindaejulius.com.br,Vegetariano,
116122,OLEO WNF ESS YLANG 5ML,Vegetariano | Ess Ylang | Marca: Wnf | Embalagem: 5ML | 💬 Preço a consultar — mande mensagem!,in stock,new,,Wnf,Óleos & Gorduras,https://raw.githubusercontent.com/thewatermouse/melindaejulius/main/assets/placeholders/oleos_gorduras.jpg,https://melindaejulius.com.br,Vegetariano,
112222,OLEO WNF ESS SALVIA SCLAREA 5ML,Vegetariano | Ess Salvia Sclarea | Marca: Wnf | Embalagem: 5ML | 💬 Preço a consultar — mande mensagem!,in stock,new,,Wnf,Óleos & Gorduras,https://raw.githubusercontent.com/thewatermouse/melindaejulius/main/assets/placeholders/oleos_gorduras.jpg,https://melindaejulius.com.br,Vegetariano,
112436,OLEO WNF ESS PETITGRAIN 5ML,Vegetariano | Ess Petitgrain | Marca: Wnf | Embalagem: 5ML | 💬 Preço a consultar — mande mensagem!,in stock,new,,Wnf,Óleos & Gorduras,https://raw.githubusercontent.com/thewatermouse/melindaejulius/main/assets/placeholders/oleos_gorduras.jpg,https://melindaejulius.com.br,Vegetariano,
106037,OLEO WNF ESS PATCHOULI 5ML,Vegetariano | Ess Patchouli | Marca: Wnf | Embalagem: 5ML | 💬 Preço a consultar — mande mensagem!,in stock,new,,Wnf,Óleos & Gorduras,https://raw.githubusercontent.com/thewatermouse/melindaejulius/main/assets/placeholders/oleos_gorduras.jpg,https://melindaejulius.com.br,Vegetariano,
113926,BUCHA VEGETAL SISAL UN,Vegetal Sisal Un,in stock,new,5.75 BRL,Melinda & Julius,Limpeza,https://raw.githubusercontent.com/thewatermouse/melindaejulius/main/assets/placeholders/limpeza.jpg,https://melindaejulius.com.br,,
117119,ESPONJA BIOZ COCO UN,Coco Un | Marca: Bioz,in stock,new,10.45 BRL,Bioz,Limpeza,https://raw.githubusercontent.com/thewatermouse/melindaejulius/main/assets/placeholders/limpeza.jpg,https://melindaejulius.com.br,,
119766,DETERGENTE BIOZ NEUTRO 470ML,Neutro | Marca: Bioz | Embalagem: 470ML,in stock,new,11.95 BRL,Bioz,Limpeza,https://raw.githubusercontent.com/thewatermouse/melindaejulius/main/assets/placeholders/limpeza.jpg,https://melindaejulius.com.br,,
119267,DETERGENTE BIOZ CAPIM LIMAO 470ML,Capim Limao | Marca: Bioz | Embalagem: 470ML,in stock,new,11.95 BRL,Bioz,Limpeza,https://raw.githubusercontent.com/thewatermouse/melindaejulius/main/assets/placeholders/limpeza.jpg,https://melindaejulius.com.br,,
114702,LAVA ROUPA UFE COCO 500ML,Roupa Ufe Coco | Embalagem: 500ML,in stock,new,12.50 BRL,Melinda & Julius,Limpeza,https://raw.githubusercontent.com/thewatermouse/melindaejulius/main/assets/placeholders/limpeza.jpg,https://melindaejulius.com.br,,
113542,ESPONJA ONDAECOCO COCO UN,Ondaecoco Coco Un,in stock,new,12.95 BRL,Melinda & Julius,Limpeza,https://raw.githubusercontent.com/thewatermouse/melindaejulius/main/assets/placeholders/limpeza.jpg,https://melindaejulius.com.br,,
119738,LAVA LOUCA MILAO LIQUIDO CITRICO 500ML,Milao Liquido Citrico | Marca: Louca | Embalagem: 500ML,in stock,new,13.40 BRL,Louca,Limpeza,https://raw.githubusercontent.com/thewatermouse/melindaejulius/main/assets/placeholders/limpeza.jpg,https://melindaejulius.com.br,,
113466,LAVA LOUCA MILAO LIQUIDO COCO 500ML,Milao Liquido Coco | Marca: Louca | Embalagem: 500ML,in stock,new,13.40 BRL,Louca,Limpeza,https://raw.githubusercontent.com/thewatermouse/melindaejulius/main/assets/placeholders/limpeza.jpg,https://melindaejulius.com.br,,
118917,ALCOOL LIQUIDO ITAJA 92% 1L,Marca: Itaja | Embalagem: 1L,in stock,new,15.20 BRL,Itaja,Limpeza,https://raw.githubusercontent.com/thewatermouse/melindaejulius/main/assets/placeholders/limpeza.jpg,https://melindaejulius.com.br,,
105614,ESPONJA BIOWASH VEGETAL UN,Vegetal Un | Marca: Biowash,in stock,new,16.90 BRL,Biowash,Limpeza,https://raw.githubusercontent.com/thewatermouse/melindaejulius/main/assets/placeholders/limpeza.jpg,https://melindaejulius.com.br,,
118292,LIMPA PISO BIOWASH REFIL 650ML,Refil | Marca: Biowash | Embalagem: 650ML,in stock,new,19.80 BRL,Biowash,Limpeza,https://raw.githubusercontent.com/thewatermouse/melindaejulius/main/assets/placeholders/limpeza.jpg,https://melindaejulius.com.br,,
105609,LIMPA VIDROS BIOWASH REFIL 650ML,Refil | Marca: Biowash | Embalagem: 650ML,in stock,new,19.90 BRL,Biowash,Limpeza,https://raw.githubusercontent.com/thewatermouse/melindaejulius/main/assets/placeholders/limpeza.jpg,https://melindaejulius.com.br,,
105607,LIMPA BANHEIRO BIOWASH REFIL 650ML,Refil | Marca: Biowash | Embalagem: 650ML,in stock,new,19.90 BRL,Biowash,Limpeza,https://raw.githubusercontent.com/thewatermouse/melindaejulius/main/assets/placeholders/limpeza.jpg,https://melindaejulius.com.br,,
105600,LAVA LOUCA BIOWASH MENTA 650ML,Biowash Menta | Marca: Louca | Embalagem: 650ML,in stock,new,20.60 BRL,Louca,Limpeza,https://raw.githubusercontent.com/thewatermouse/melindaejulius/main/assets/placeholders/limpeza.jpg,https://melindaejulius.com.br,,
107565,LAKIO CASAFORTE CEBOLINHA CONSERVA 100G,Vegetariano | Cebolinha Conserva | Marca: Casaforte | Embalagem: 100G,in stock,new,6.50 BRL,Casaforte,Conservas & Antepastos,https://raw.githubusercontent.com/thewatermouse/melindaejulius/main/assets/placeholders/conservas_antepastos.jpg,https://melindaejulius.com.br,Vegetariano,
115916,ALCAPARRA ARRIFANA 65G,Vegetariano | Marca: Arrifana | Embalagem: 65G,in stock,new,15.20 BRL,Arrifana,Conservas & Antepastos,https://raw.githubusercontent.com/thewatermouse/melindaejulius/main/assets/placeholders/conservas_antepastos.jpg,https://melindaejulius.com.br,Vegetariano,
106018,AZEITONA VALEFERTIL PRETA FATIADA 160G,Vegetariano | Preta Fatiada | Marca: Valefertil | Embalagem: 160G,in stock,new,16.55 BRL,Valefertil,Conservas & Antepastos,https://raw.githubusercontent.com/thewatermouse/melindaejulius/main/assets/placeholders/conservas_antepastos.jpg,https://melindaejulius.com.br,Vegetariano,
119133,AZEITONA VALEFERTIL VERDE FATIADA VIDRO 160G,Vegetariano | Verde Fatiada Vidro | Marca: Valefertil | Embalagem: 160G,in stock,new,16.95 BRL,Valefertil,Conservas & Antepastos,https://raw.githubusercontent.com/thewatermouse/melindaejulius/main/assets/placeholders/conservas_antepastos.jpg,https://melindaejulius.com.br,Vegetariano,
113492,ALCAPARRA LAPASTINA 60G,Vegetariano | Marca: Lapastina | Embalagem: 60G,in stock,new,18.90 BRL,Lapastina,Conservas & Antepastos,https://raw.githubusercontent.com/thewatermouse/melindaejulius/main/assets/placeholders/conservas_antepastos.jpg,https://melindaejulius.com.br,Vegetariano,
113491,AZEITONA LAPASTINA VERDE SEM CAROCO 150G,Vegetariano | Verde Sem Caroco | Marca: Lapastina | Embalagem: 150G,in stock,new,27.90 BRL,Lapastina,Conservas & Antepastos,https://raw.githubusercontent.com/thewatermouse/melindaejulius/main/assets/placeholders/conservas_antepastos.jpg,https://melindaejulius.com.br,Vegetariano,
110618,LENKON SECO RAIZ LOTUS CASAFORTE 100G,Vegetariano | Marca: Casaforte | Embalagem: 100G,in stock,new,28.80 BRL,Casaforte,Conservas & Antepastos,https://raw.githubusercontent.com/thewatermouse/melindaejulius/main/assets/placeholders/conservas_antepastos.jpg,https://melindaejulius.com.br,Vegetariano,
119771,ALCACHOFRA LAPASTINA FUNDO LATA 190G,Vegetariano | Fundo Lata | Marca: Lapastina | Embalagem: 190G,in stock,new,29.85 BRL,Lapastina,Conservas & Antepastos,https://raw.githubusercontent.com/thewatermouse/melindaejulius/main/assets/placeholders/conservas_antepastos.jpg,https://melindaejulius.com.br,Vegetariano,
116256,ABOBORA CALDA COOPERNATURAL 650G,Marca: Coopernatural | Embalagem: 650G,in stock,new,34.95 BRL,Coopernatural,Conservas & Antepastos,https://raw.githubusercontent.com/thewatermouse/melindaejulius/main/assets/placeholders/conservas_antepastos.jpg,https://melindaejulius.com.br,,
115249,FUNGHI LAPASTINA PORCINI 10G,Vegetariano | Porcini | Marca: Lapastina | Embalagem: 10G,in stock,new,35.90 BRL,Lapastina,Conservas & Antepastos,https://raw.githubusercontent.com/thewatermouse/melindaejulius/main/assets/placeholders/conservas_antepastos.jpg,https://melindaejulius.com.br,Vegetariano,
114559,CHUCRUTE ROXO HENGSTENBERG 650G,Vegetariano | Marca: Hengstenberg | Embalagem: 650G,in stock,new,38.60 BRL,Hengstenberg,Conservas & Antepastos,https://raw.githubusercontent.com/thewatermouse/melindaejulius/main/assets/placeholders/conservas_antepastos.jpg,https://melindaejulius.com.br,Vegetariano,
110767,ASPARGO LAPASTINA BRANCO CROCANTE 170G,Vegetariano | Branco Crocante | Marca: Lapastina | Embalagem: 170G,in stock,new,39.50 BRL,Lapastina,Conservas & Antepastos,https://raw.githubusercontent.com/thewatermouse/melindaejulius/main/assets/placeholders/conservas_antepastos.jpg,https://melindaejulius.com.br,Vegetariano,
112768,ALFARROBA CAROB CASTANHA CAJU 12G,Vegetariano | Castanha Caju | Marca: Carob | Embalagem: 12G,in stock,new,3.95 BRL,Carob,Chocolates & Cacau,https://raw.githubusercontent.com/thewatermouse/melindaejulius/main/assets/placeholders/chocolates_cacau.jpg,https://melindaejulius.com.br,Vegetariano,
112392,ALFARROBA CAROB UVA PASSAS 12G,Vegetariano | Uva Passas | Marca: Carob | Embalagem: 12G,in stock,new,3.95 BRL,Carob,Chocolates & Cacau,https://raw.githubusercontent.com/thewatermouse/melindaejulius/main/assets/placeholders/chocolates_cacau.jpg,https://melindaejulius.com.br,Vegetariano,
107714,ALFARROBA CAROB COCO 25G,Vegetariano | Coco | Marca: Carob | Embalagem: 25G,in stock,new,6.20 BRL,Carob,Chocolates & Cacau,https://raw.githubusercontent.com/thewatermouse/melindaejulius/main/assets/placeholders/chocolates_cacau.jpg,https://melindaejulius.com.br,Vegetariano,
115858,BOMBOM FLORMEL AVELA 12G,Vegetariano | Avela | Marca: Flormel | Embalagem: 12G,in stock,new,6.50 BRL,Flormel,Chocolates & Cacau,https://raw.githubusercontent.com/thewatermouse/melindaejulius/main/assets/placeholders/chocolates_cacau.jpg,https://melindaejulius.com.br,Vegetariano,
115859,BOMBOM FLORMEL EXTRA CACAU 12G,Vegetariano | Extra Cacau | Marca: Flormel | Embalagem: 12G,in stock,new,6.50 BRL,Flormel,Chocolates & Cacau,https://raw.githubusercontent.com/thewatermouse/melindaejulius/main/assets/placeholders/chocolates_cacau.jpg,https://melindaejulius.com.br,Vegetariano,
117143,ALFARROBA CAROB LARANJA 25G,Vegetariano | Laranja | Marca: Carob | Embalagem: 25G,in stock,new,7.85 BRL,Carob,Chocolates & Cacau,https://raw.githubusercontent.com/thewatermouse/melindaejulius/main/assets/placeholders/chocolates_cacau.jpg,https://melindaejulius.com.br,Vegetariano,
108072,BOMBOM GOLDKO 70% MARSHMALLOW ZERO 11.5G,Vegetariano | Marshmallow Zero | Marca: Goldko | Embalagem: 11.5G,in stock,new,7.90 BRL,Goldko,Chocolates & Cacau,https://raw.githubusercontent.com/thewatermouse/melindaejulius/main/assets/placeholders/chocolates_cacau.jpg,https://melindaejulius.com.br,Vegetariano,
117483,BOMBOM GOLDKO MARSHMELLOW ZERO 11.5G,Vegetariano | Marshmellow Zero | Marca: Goldko | Embalagem: 11.5G,in stock,new,7.90 BRL,Goldko,Chocolates & Cacau,https://raw.githubusercontent.com/thewatermouse/melindaejulius/main/assets/placeholders/chocolates_cacau.jpg,https://melindaejulius.com.br,Vegetariano,
115479,ALFARROBA CAROB CRANBERRY 25G,Vegetariano | Cranberry | Marca: Carob | Embalagem: 25G,in stock,new,8.65 BRL,Carob,Chocolates & Cacau,https://raw.githubusercontent.com/thewatermouse/melindaejulius/main/assets/placeholders/chocolates_cacau.jpg,https://melindaejulius.com.br,Vegetariano,
117482,CHOCOLATE GOLDKO MARSHMELLOW CACAU 70% 20G,Vegetariano | Marshmellow Cacau | Marca: Goldko | Embalagem: 20G,in stock,new,9.75 BRL,Goldko,Chocolates & Cacau,https://raw.githubusercontent.com/thewatermouse/melindaejulius/main/assets/placeholders/chocolates_cacau.jpg,https://melindaejulius.com.br,Vegetariano,
117481,CHOCOLATE GOLDKO LEITE COCO VEGANO ZERO 20G,Vegano · Vegetariano | Leite Coco Vegano Zero | Marca: Goldko | Embalagem: 20G,in stock,new,9.75 BRL,Goldko,Chocolates & Cacau,https://raw.githubusercontent.com/thewatermouse/melindaejulius/main/assets/placeholders/chocolates_cacau.jpg,https://melindaejulius.com.br,Vegano,Vegetariano
112735,CACAU PO LEVECROC 100G,Vegetariano | Marca: Levecroc | Embalagem: 100G,in stock,new,14.30 BRL,Levecroc,Chocolates & Cacau,https://raw.githubusercontent.com/thewatermouse/melindaejulius/main/assets/placeholders/chocolates_cacau.jpg,https://melindaejulius.com.br,Vegetariano,
106127,CACAU PO SABORDATERRA 200G,Vegetariano | Marca: Sabordaterra | Embalagem: 200G,in stock,new,15.65 BRL,Sabordaterra,Chocolates & Cacau,https://raw.githubusercontent.com/thewatermouse/melindaejulius/main/assets/placeholders/chocolates_cacau.jpg,https://melindaejulius.com.br,Vegetariano,
106021,ALFARROBA CAROB BARRA 45G,Vegetariano | Barra | Marca: Carob | Embalagem: 45G,in stock,new,16.70 BRL,Carob,Chocolates & Cacau,https://raw.githubusercontent.com/thewatermouse/melindaejulius/main/assets/placeholders/chocolates_cacau.jpg,https://melindaejulius.com.br,Vegetariano,
118740,CACAU PO SHAMBALA 120G,Vegetariano | Marca: Shambala | Embalagem: 120G,in stock,new,17.45 BRL,Shambala,Chocolates & Cacau,https://raw.githubusercontent.com/thewatermouse/melindaejulius/main/assets/placeholders/chocolates_cacau.jpg,https://melindaejulius.com.br,Vegetariano,
118115,KONJAC ESPAGUETE 200G,Vegetariano | Espaguete | Embalagem: 200G,in stock,new,24.20 BRL,Melinda & Julius,Massas,https://raw.githubusercontent.com/thewatermouse/melindaejulius/main/assets/placeholders/massas.jpg,https://melindaejulius.com.br,Vegetariano,
114047,COUSCOUS DIVELLA 500G,Vegetariano | Marca: Divella | Embalagem: 500G,in stock,new,33.20 BRL,Divella,Massas,https://raw.githubusercontent.com/thewatermouse/melindaejulius/main/assets/placeholders/massas.jpg,https://melindaejulius.com.br,Vegetariano,
113853,COUSCOUS LAPASTINA 500G,Vegetariano | Marca: Lapastina | Embalagem: 500G,in stock,new,33.20 BRL,Lapastina,Massas,https://raw.githubusercontent.com/thewatermouse/melindaejulius/main/assets/placeholders/massas.jpg,https://melindaejulius.com.br,Vegetariano,
104652,MASSA HARUSAME LONGKOW 200G,Vegetariano | Marca: Longkow | Embalagem: 200G | 💬 Preço a consultar — mande mensagem!,in stock,new,,Longkow,Massas,https://raw.githubusercontent.com/thewatermouse/melindaejulius/main/assets/placeholders/massas.jpg,https://melindaejulius.com.br,Vegetariano,
119469,MASSA CERES PENNE LENTILHA VERMELHA 200G,Vegetariano | Penne Lentilha Vermelha | Marca: Ceres | Embalagem: 200G | 💬 Preço a consultar — mande mensagem!,in stock,new,,Ceres,Massas,https://raw.githubusercontent.com/thewatermouse/melindaejulius/main/assets/placeholders/massas.jpg,https://melindaejulius.com.br,Vegetariano,
112038,MASSA CASARAO FUSILI ARROZ PRETO 200G,Vegetariano | Fusili Arroz Preto | Marca: Casarao | Embalagem: 200G | 💬 Preço a consultar — mande mensagem!,in stock,new,,Casarao,Massas,https://raw.githubusercontent.com/thewatermouse/melindaejulius/main/assets/placeholders/massas.jpg,https://melindaejulius.com.br,Vegetariano,
110913,MASSA CERES TALHARIM LENTILHA VERMELHA 200G,Vegetariano | Talharim Lentilha Vermelha | Marca: Ceres | Embalagem: 200G | 💬 Preço a consultar — mande mensagem!,in stock,new,,Ceres,Massas,https://raw.githubusercontent.com/thewatermouse/melindaejulius/main/assets/placeholders/massas.jpg,https://melindaejulius.com.br,Vegetariano,
110751,MASSA CERES TALHARIM GRAO DE BICO ESPINAFRE 200G,Vegetariano | Talharim Grao De Bico Espinafre | Marca: Ceres | Embalagem: 200G | 💬 Preço a consultar — mande mensagem!,in stock,new,,Ceres,Massas,https://raw.githubusercontent.com/thewatermouse/melindaejulius/main/assets/placeholders/massas.jpg,https://melindaejulius.com.br,Vegetariano,
110753,MASSA CERES TALHARIM GRAO DE BICO 200G,Vegetariano | Talharim Grao De Bico | Marca: Ceres | Embalagem: 200G | 💬 Preço a consultar — mande mensagem!,in stock,new,,Ceres,Massas,https://raw.githubusercontent.com/thewatermouse/melindaejulius/main/assets/placeholders/massas.jpg,https://melindaejulius.com.br,Vegetariano,
104869,MASSA CASARAO KIDS PENNE CENOURA 200G,Vegetariano | Kids Penne Cenoura | Marca: Casarao | Embalagem: 200G | 💬 Preço a consultar — mande mensagem!,in stock,new,,Casarao,Massas,https://raw.githubusercontent.com/thewatermouse/melindaejulius/main/assets/placeholders/massas.jpg,https://melindaejulius.com.br,Vegetariano,
105530,MASSA BIFUM ARROZ 200G,Vegetariano | Bifum Arroz | Embalagem: 200G | 💬 Preço a consultar — mande mensagem!,in stock,new,,Melinda & Julius,Massas,https://raw.githubusercontent.com/thewatermouse/melindaejulius/main/assets/placeholders/massas.jpg,https://melindaejulius.com.br,Vegetariano,
114524,MASSA CASARAO AVEMARIA 200G,Vegetariano | Avemaria | Marca: Casarao | Embalagem: 200G | 💬 Preço a consultar — mande mensagem!,in stock,new,,Casarao,Massas,https://raw.githubusercontent.com/thewatermouse/melindaejulius/main/assets/placeholders/massas.jpg,https://melindaejulius.com.br,Vegetariano,
114830,MASSA CASARAO CURVI 200G,Vegetariano | Curvi | Marca: Casarao | Embalagem: 200G | 💬 Preço a consultar — mande mensagem!,in stock,new,,Casarao,Massas,https://raw.githubusercontent.com/thewatermouse/melindaejulius/main/assets/placeholders/massas.jpg,https://melindaejulius.com.br,Vegetariano,
118737,COCO RALADO COPRA ADOCADO 50G,Vegetariano | Adocado | Marca: Copra | Embalagem: 50G,in stock,new,5.30 BRL,Copra,Oleaginosas,https://raw.githubusercontent.com/thewatermouse/melindaejulius/main/assets/placeholders/oleaginosas.jpg,https://melindaejulius.com.br,Vegetariano,
115848,AMENDOIM ALIBEC SEM PELE SEM SAL 250G,Vegetariano | Sem Pele Sem Sal | Marca: Alibec | Embalagem: 250G,in stock,new,7.50 BRL,Alibec,Oleaginosas,https://raw.githubusercontent.com/thewatermouse/melindaejulius/main/assets/placeholders/oleaginosas.jpg,https://melindaejulius.com.br,Vegetariano,
117955,AMENDOIM BRASILFRUTT CARAMELIZADO 200G,Vegetariano | Caramelizado | Marca: Brasilfrutt | Embalagem: 200G,in stock,new,7.85 BRL,Brasilfrutt,Oleaginosas,https://raw.githubusercontent.com/thewatermouse/melindaejulius/main/assets/placeholders/oleaginosas.jpg,https://melindaejulius.com.br,Vegetariano,
104958,AMENDOIM BRASILFRUTT SEM PELE COM SAL 200G,Vegetariano | Sem Pele Com Sal | Marca: Brasilfrutt | Embalagem: 200G,in stock,new,8.50 BRL,Brasilfrutt,Oleaginosas,https://raw.githubusercontent.com/thewatermouse/melindaejulius/main/assets/placeholders/oleaginosas.jpg,https://melindaejulius.com.br,Vegetariano,
104980,AMENDOIM BRASILFRUTT SEM PELE SEM SAL 200G,Vegetariano | Sem Pele Sem Sal | Marca: Brasilfrutt | Embalagem: 200G,in stock,new,8.75 BRL,Brasilfrutt,Oleaginosas,https://raw.githubusercontent.com/thewatermouse/melindaejulius/main/assets/placeholders/oleaginosas.jpg,https://melindaejulius.com.br,Vegetariano,
115732,AMENDOIM ALIBEC GRAUDO 250G,Vegetariano | Graudo | Marca: Alibec | Embalagem: 250G,in stock,new,9.80 BRL,Alibec,Oleaginosas,https://raw.githubusercontent.com/thewatermouse/melindaejulius/main/assets/placeholders/oleaginosas.jpg,https://melindaejulius.com.br,Vegetariano,
107770,COCO RALADO SOCOCO 100G,Vegetariano | Marca: Sococo | Embalagem: 100G,in stock,new,10.95 BRL,Sococo,Oleaginosas,https://raw.githubusercontent.com/thewatermouse/melindaejulius/main/assets/placeholders/oleaginosas.jpg,https://melindaejulius.com.br,Vegetariano,
117730,AMENDOA CONFEITADA ALIBEC COLORIDA 250G,Vegetariano | Colorida | Marca: Alibec | Embalagem: 250G,in stock,new,17.90 BRL,Alibec,Oleaginosas,https://raw.githubusercontent.com/thewatermouse/melindaejulius/main/assets/placeholders/oleaginosas.jpg,https://melindaejulius.com.br,Vegetariano,
114585,CASTANHA CAJU REOBOTE COCO 150G,Vegetariano | Coco | Marca: Reobote | Embalagem: 150G,in stock,new,21.50 BRL,Reobote,Oleaginosas,https://raw.githubusercontent.com/thewatermouse/melindaejulius/main/assets/placeholders/oleaginosas.jpg,https://melindaejulius.com.br,Vegetariano,
112326,CASTANHA CAJU REOBOTE GERGELIM 150G,Vegetariano | Gergelim | Marca: Reobote | Embalagem: 150G,in stock,new,21.50 BRL,Reobote,Oleaginosas,https://raw.githubusercontent.com/thewatermouse/melindaejulius/main/assets/placeholders/oleaginosas.jpg,https://melindaejulius.com.br,Vegetariano,
000000,🔍 Não encontrou o que procura?,Nosso catálogo completo tem mais de 2.000 produtos! Mande mensagem que a gente te ajuda a encontrar o que precisa. 🌿,in stock,new,,Melinda & Julius,Atendimento,https://raw.githubusercontent.com/thewatermouse/melindaejulius/main/assets/placeholders/atendimento.jpg,https://melindaejulius.com.br,,
